StartDate,EndDate,Status,IPAddress,Progress,Duration (in seconds),Finished,RecordedDate,ResponseId,RecipientLastName,RecipientFirstName,RecipientEmail,ExternalReference,LocationLatitude,LocationLongitude,DistributionChannel,UserLanguage,Q1_1,Q1_2,Q1_3,Q1_4,Q2_1,Q2_2,Q2_3,Q2_4,Q2_5,Q2_6,Q2_7,Q2_8,Q3_1,Q3_2,Q3_3,Q3_4,Q3_5,Q3_6,Q4_1,Q4_2,Q4_3,Q4_4,Q4_5,Q5_1,Q5_2,Q5_3,Q5_4,Q5_5,Q6,Q7_1,Q7_2,Q7_3,Q7_4,Q7_5,Q8,Q43_1,Q43_2,Q43_3,Q9_1,Q9_2,Q9_3,Q9_4,Q10,Q11_1,Q11_2,Q11_3,Q11_4,Q11_5,Q12,Q13_1,Q13_2,Q13_3,Q13_4,Q14,Q15_1,Q15_2,Q15_3,Q15_4,Q16,Q17_1,Q17_2,Q17_3,Q17_4,Q18_1,Q18_2,Q18_3,Q18_4,Q19_1,Q19_2,Q19_3,Q19_4,Q19_5,Q20_1,Q20_2,Q20_3,Q20_4,Q20_5,Q21,Q22,Q23,Q24,Q25
Start Date,End Date,Response Type,IP Address,Progress,Duration (in seconds),Finished,Recorded Date,Response ID,Recipient Last Name,Recipient First Name,Recipient Email,External Data Reference,Location Latitude,Location Longitude,Distribution Channel,User Language,獲取媒體訊息 - 我知道如何使用搜尋工具從新媒體獲得所需的資訊。,獲取媒體訊息 - 我能夠適應新媒體的轉變（例如使用社交媒體的新功能）。,獲取媒體訊息 - 我能夠利用不同的媒體接收資訊。,獲取媒體訊息 - 我清楚知道媒體資訊的來源。,分析及理解媒體資訊 - 我會閱讀不同立場的資訊。,分析及理解媒體資訊 - 在理解資訊時，我不會只閱讀文章標題。,分析及理解媒體資訊 - 我會留意媒體發放資訊背後的目的。,分析及理解媒體資訊 - 我會反思自己在閱讀資料或參與討論時立場是否有偏頗。,分析及理解媒體資訊 - 我能夠辨別媒體資訊是否準確。,分析及理解媒體資訊 - 我能夠比較不同媒體的資訊。,分析及理解媒體資訊 - 我能以可信度、可靠性、公正性、普及程度等標準評估媒體資訊。,分析及理解媒體資訊 - 我會主動查證媒體發放的資訊。,意識及評估媒體的影響力 - 我明白資訊或會有誇大成分。,意識及評估媒體的影響力 - 我明白新聞報道可能只是事實的一部分。,意識及評估媒體的影響力 - 我能夠分析媒體內容對個人的影響。,意識及評估媒體的影響力 - 我能夠通過社交媒體影響他人的意見。,意識及評估媒體的影響力 - 我知道傳播假新聞可能造成的影響。,意識及評估媒體的影響力 - 我能夠保障自己免受閱讀新媒體資訊潛在的風險和後果影響。,應用及製造媒體資訊 - 我不會以「手動轉」的方式轉發消息。,應用及製造媒體資訊 - 我會與其他人討論某則新聞或消息。,應用及製造媒體資訊 - 我能夠綜合媒體資訊與我自己的意見。,應用及製造媒體資訊 - 我可以根據個人興趣和喜好評論或為媒體內容評分。,應用及製造媒體資訊 - 我能夠創作反映我的想法的內容。,假消息是指一些失實或錯誤訊息。以下問題關於你對假消息的認知和看法，每行只需選擇一個答案。 - 我留意到網上有假消息的流傳。,假消息是指一些失實或錯誤訊息。以下問題關於你對假消息的認知和看法，每行只需選擇一個答案。 - 我認為無論教育水平高低的人都有機會相信假消息。,假消息是指一些失實或錯誤訊息。以下問題關於你對假消息的認知和看法，每行只需選擇一個答案。 - 我不會輕易相信任何消息。,假消息是指一些失實或錯誤訊息。以下問題關於你對假消息的認知和看法，每行只需選擇一個答案。 - 我清楚發放假消息的人的目的。,假消息是指一些失實或錯誤訊息。以下問題關於你對假消息的認知和看法，每行只需選擇一個答案。 - 我會主動查證消息是否假新聞。,你一星期內通常接觸多少次假消息？,內容農場是指一些沒有原創內容的抄襲網站。以下問題關於你對內容農場的認知和看法，每行只需選擇一個答案。 - 我清楚了解內容農場背後的經營模式。,內容農場是指一些沒有原創內容的抄襲網站。以下問題關於你對內容農場的認知和看法，每行只需選擇一個答案。 - 我知道哪些網站是內容農場，並會避免瀏覽這些來源發佈的內容。,內容農場是指一些沒有原創內容的抄襲網站。以下問題關於你對內容農場的認知和看法，每行只需選擇一個答案。 - 我認為內容農場助長了假消息的傳播。,內容農場是指一些沒有原創內容的抄襲網站。以下問題關於你對內容農場的認知和看法，每行只需選擇一個答案。 - 我不會輕易相信農場資訊的內容。,內容農場是指一些沒有原創內容的抄襲網站。以下問題關於你對內容農場的認知和看法，每行只需選擇一個答案。 - 我認為內容農場對新聞媒體帶來負面影響。,事實查核（Fact-checking）專頁是指一些專門查證坊間流傳的新聞或者傳言的專頁，例子有求驗傳媒、事實查核實驗室、傳真社等。請問你有沒有讚好／追蹤事實查核專頁？,以下問題關於你使用事實查核專頁的頻率，每行只需選擇一個答案。 - 表達反應,以下問題關於你使用事實查核專頁的頻率，每行只需選擇一個答案。 - 分享,以下問題關於你使用事實查核專頁的頻率，每行只需選擇一個答案。 - 留言,新聞消費是指接收及使用新聞資訊 。以下問題是有關你在不同媒介上的新聞消費頻率，每行只需選擇一個答案。 - 報紙,新聞消費是指接收及使用新聞資訊 。以下問題是有關你在不同媒介上的新聞消費頻率，每行只需選擇一個答案。 - 電台廣播,新聞消費是指接收及使用新聞資訊 。以下問題是有關你在不同媒介上的新聞消費頻率，每行只需選擇一個答案。 - 電視,新聞消費是指接收及使用新聞資訊 。以下問題是有關你在不同媒介上的新聞消費頻率，每行只需選擇一個答案。 - 新聞網頁／應用程式,你有沒有使用社交媒體消費新聞？,你有多經常從以下的社交媒體平台上閱覽新聞報導？ - Facebook,你有多經常從以下的社交媒體平台上閱覽新聞報導？ - Instagram,你有多經常從以下的社交媒體平台上閱覽新聞報導？ - Youtube,你有多經常從以下的社交媒體平台上閱覽新聞報導？ - LIHKG,你有多經常從以下的社交媒體平台上閱覽新聞報導？ - Twitter,傳統媒體專頁是指由紙媒、電台、電視台營運的專頁，例子有明報、蘋果日報、文匯報、香港電台、有線新聞等等。請問你有沒有讚好／追蹤傳統媒體專頁？,以下問題是有關你在透過傳統媒體專頁消費新聞的頻率，請根據你平常的使用行為作答，每行只需選擇一個答案。 - 表達反應 （即在帖子留下「讚好」、「愛心」、「哇」、「哈哈」、「難過」、「生氣」）,以下問題是有關你在透過傳統媒體專頁消費新聞的頻率，請根據你平常的使用行為作答，每行只需選擇一個答案。 - 分享,以下問題是有關你在透過傳統媒體專頁消費新聞的頻率，請根據你平常的使用行為作答，每行只需選擇一個答案。 - 留言,以下問題是有關你在透過傳統媒體專頁消費新聞的頻率，請根據你平常的使用行為作答，每行只需選擇一個答案。 - 分享時加入個人意見,"網絡媒體專頁是指由非傳統新聞機構營運的專頁，例子有立場新聞、輔仁網、香港獨立媒體網等。
請問你有沒有讚好／追蹤網絡媒體專頁？",以下問題是有關你在透過網絡媒體專頁消費新聞的頻率，請根據你平常的使用行為作答，每行只需選擇一個答案。 - 表達反應 （即在帖子留下「讚好」、「愛心」、「哇」、「哈哈」、「難過」、「生氣」）,以下問題是有關你在透過網絡媒體專頁消費新聞的頻率，請根據你平常的使用行為作答，每行只需選擇一個答案。 - 分享,以下問題是有關你在透過網絡媒體專頁消費新聞的頻率，請根據你平常的使用行為作答，每行只需選擇一個答案。 - 留言,以下問題是有關你在透過網絡媒體專頁消費新聞的頻率，請根據你平常的使用行為作答，每行只需選擇一個答案。 - 分享時加入個人意見,政府官方專頁是指由政府部門營運，用於發放及公布消息的專頁，例子有政府新聞網、衞生署衞生防護中心等）。請問你有沒有讚好／追蹤政府官方專頁？,以下問題是有關你在透過政府官方專頁消費新聞的頻率，請根據你平常的使用行為作答，每行只需選擇一個答案。 - 表達反應，即在帖子留下「讚好」、「愛心」、「哇」、「哈哈」、「難過」、「生氣」,以下問題是有關你在透過政府官方專頁消費新聞的頻率，請根據你平常的使用行為作答，每行只需選擇一個答案。 - 分享,以下問題是有關你在透過政府官方專頁消費新聞的頻率，請根據你平常的使用行為作答，每行只需選擇一個答案。 - 留言？,以下問題是有關你在透過政府官方專頁消費新聞的頻率，請根據你平常的使用行為作答，每行只需選擇一個答案。 - 分享時加入個人意見,以下問題是有關你在透過朋友/家人分享或轉載的消費新聞的頻率，請根據你平常的使用行為作答，每行只需選擇一個答案。 - 表達反應，即在帖子留下「讚好」、「愛心」、「哇」、「哈哈」、「難過」、「生氣」,以下問題是有關你在透過朋友/家人分享或轉載的消費新聞的頻率，請根據你平常的使用行為作答，每行只需選擇一個答案。 - 分享,以下問題是有關你在透過朋友/家人分享或轉載的消費新聞的頻率，請根據你平常的使用行為作答，每行只需選擇一個答案。 - 留言,以下問題是有關你在透過朋友/家人分享或轉載的消費新聞的頻率，請根據你平常的使用行為作答，每行只需選擇一個答案。 - 分享時加入個人意見,你有多大程度相信由以下媒介發布的資訊？ - 報紙,你有多大程度相信由以下媒介發布的資訊？ - 電視,你有多大程度相信由以下媒介發布的資訊？ - 電台廣播,你有多大程度相信由以下媒介發布的資訊？ - 新聞網頁／應用程式,你有多大程度相信由以下媒介發布的資訊？ - 社交媒體,你有多大程度相信由以下專頁／對象發布的資訊？ - 傳統媒體專頁,你有多大程度相信由以下專頁／對象發布的資訊？ - 網絡媒體專頁,你有多大程度相信由以下專頁／對象發布的資訊？ - 政府官方專頁,你有多大程度相信由以下專頁／對象發布的資訊？ - 事實查核專頁,你有多大程度相信由以下專頁／對象發布的資訊？ - 朋友／家人,性別,年齡,學院 / 學系,修讀學年,修讀學位
"{""ImportId"":""startDate"",""timeZone"":""America/Denver""}","{""ImportId"":""endDate"",""timeZone"":""America/Denver""}","{""ImportId"":""status""}","{""ImportId"":""ipAddress""}","{""ImportId"":""progress""}","{""ImportId"":""duration""}","{""ImportId"":""finished""}","{""ImportId"":""recordedDate"",""timeZone"":""America/Denver""}","{""ImportId"":""_recordId""}","{""ImportId"":""recipientLastName""}","{""ImportId"":""recipientFirstName""}","{""ImportId"":""recipientEmail""}","{""ImportId"":""externalDataReference""}","{""ImportId"":""locationLatitude""}","{""ImportId"":""locationLongitude""}","{""ImportId"":""distributionChannel""}","{""ImportId"":""userLanguage""}","{""ImportId"":""QID1_1""}","{""ImportId"":""QID1_2""}","{""ImportId"":""QID1_3""}","{""ImportId"":""QID1_4""}","{""ImportId"":""QID2_1""}","{""ImportId"":""QID2_2""}","{""ImportId"":""QID2_3""}","{""ImportId"":""QID2_4""}","{""ImportId"":""QID2_5""}","{""ImportId"":""QID2_6""}","{""ImportId"":""QID2_7""}","{""ImportId"":""QID2_8""}","{""ImportId"":""QID4_1""}","{""ImportId"":""QID4_2""}","{""ImportId"":""QID4_3""}","{""ImportId"":""QID4_4""}","{""ImportId"":""QID4_5""}","{""ImportId"":""QID4_6""}","{""ImportId"":""QID5_1""}","{""ImportId"":""QID5_2""}","{""ImportId"":""QID5_3""}","{""ImportId"":""QID5_4""}","{""ImportId"":""QID5_5""}","{""ImportId"":""QID6_1""}","{""ImportId"":""QID6_2""}","{""ImportId"":""QID6_3""}","{""ImportId"":""QID6_4""}","{""ImportId"":""QID6_5""}","{""ImportId"":""QID7""}","{""ImportId"":""QID20_1""}","{""ImportId"":""QID20_2""}","{""ImportId"":""QID20_3""}","{""ImportId"":""QID20_4""}","{""ImportId"":""QID20_5""}","{""ImportId"":""QID8""}","{""ImportId"":""QID44_1""}","{""ImportId"":""QID44_2""}","{""ImportId"":""QID44_3""}","{""ImportId"":""QID10_1""}","{""ImportId"":""QID10_2""}","{""ImportId"":""QID10_3""}","{""ImportId"":""QID10_4""}","{""ImportId"":""QID11""}","{""ImportId"":""QID15_1""}","{""ImportId"":""QID15_2""}","{""ImportId"":""QID15_3""}","{""ImportId"":""QID15_4""}","{""ImportId"":""QID15_5""}","{""ImportId"":""QID16""}","{""ImportId"":""QID34_1""}","{""ImportId"":""QID34_2""}","{""ImportId"":""QID34_3""}","{""ImportId"":""QID34_4""}","{""ImportId"":""QID36""}","{""ImportId"":""QID38_1""}","{""ImportId"":""QID38_2""}","{""ImportId"":""QID38_3""}","{""ImportId"":""QID38_4""}","{""ImportId"":""QID31""}","{""ImportId"":""QID27_1""}","{""ImportId"":""QID27_2""}","{""ImportId"":""QID27_3""}","{""ImportId"":""QID27_4""}","{""ImportId"":""QID30_1""}","{""ImportId"":""QID30_2""}","{""ImportId"":""QID30_3""}","{""ImportId"":""QID30_4""}","{""ImportId"":""QID26_1""}","{""ImportId"":""QID26_2""}","{""ImportId"":""QID26_3""}","{""ImportId"":""QID26_4""}","{""ImportId"":""QID26_5""}","{""ImportId"":""QID28_1""}","{""ImportId"":""QID28_2""}","{""ImportId"":""QID28_3""}","{""ImportId"":""QID28_4""}","{""ImportId"":""QID28_5""}","{""ImportId"":""QID25""}","{""ImportId"":""QID24_TEXT""}","{""ImportId"":""QID19""}","{""ImportId"":""QID22""}","{""ImportId"":""QID23""}"
2020-08-21 07:37:48,2020-08-21 07:38:25,Survey Preview,,100,36,True,2020-08-21 07:38:25,R_1o1EZUKDwVeZhA8,,,,,22.4691009521484375,114.006103515625,preview,EN,,,,,,,,,,,,,,,,,,,,,,,,,,,,,,,,,,,,,,,,,,,,,,,,,,,,,,,,,,,,,,,,,,,,,,,,,,,,,,,,,,
2020-08-21 07:44:41,2020-08-21 07:45:25,Survey Preview,,100,43,True,2020-08-21 07:45:26,R_3NIn5RE2yTwcZ92,,,,,22.4691009521484375,114.006103515625,preview,EN,,,,,,,,,,,,,,,,,,,,,,,,,,,,,,,,,,,,,,,,,,,,,,,,,,,,,,,,,,,,,,,,,,,,,,,,,,,,,,,,,,
2020-08-21 07:51:08,2020-08-21 07:51:43,Survey Preview,,100,34,True,2020-08-21 07:51:44,R_6fBr27ECClH1BCx,,,,,22.4691009521484375,114.006103515625,preview,EN,,,,,,,,,,,,,,,,,,,,,,,,,,,,,,,,,,,,,,,,,,,,,,,,,,,,,,,,,,,,,,,,,,,,,,,,,,,,,,,,,,
2020-08-23 02:51:32,2020-08-23 02:53:19,Survey Preview,,100,106,True,2020-08-23 02:53:19,R_eQWt5R6HtEFxu2R,,,,,22.2794952392578125,114.14599609375,preview,EN,非常同意,中立,中立,同意,非常同意,非常同意,非常同意,非常同意,非常同意,非常同意,同意,同意,非常同意,同意,非常同意,同意,同意,非常同意,非常同意,同意,同意,非常同意,同意,非常同意,中立,中立,中立,同意,4-5次,非常同意,中立,同意,同意,同意,沒有,,,,從不,每日1小時內,每日1小時內,每日1小時內,有,每日1小時內,每日1小時內,每日1小時內,每日1-2小時,每日1-2小時,有,從不,每30個以上帖子表達反應／留言／分享一次,每10至30個帖子會表達反應／留言／分享一次,每30個以上帖子表達反應／留言／分享一次,有,從不,每30個以上帖子表達反應／留言／分享一次,從不,從不,沒有,,,,,從不,每30個以上帖子表達反應／留言／分享一次,每30個以上帖子表達反應／留言／分享一次,每30個以上帖子表達反應／留言／分享一次,非常信任,不信任,非常信任,非常信任,信任,不信任,中立,信任,信任,中立,女,1,醫學院,Year 2,博士
2020-08-23 08:42:13,2020-08-23 08:44:16,IP Address,218.250.91.249,100,122,True,2020-08-23 08:44:16,R_DGeWm5IqRnYm7bX,,,,,22.2794952392578125,114.14599609375,anonymous,EN,非常不同意,不同意,不同意,不同意,非常不同意,中立,不同意,不同意,中立,中立,中立,不同意,中立,中立,同意,中立,中立,中立,中立,中立,中立,中立,不同意,中立,中立,同意,中立,中立,4-5次,中立,中立,同意,,不同意,沒有,,,,每日1-2小時,每日1-2小時,每日1-2小時,每日1-2小時,沒有,,,,,,,,,,,,,,,,,,,,,,,,,中立,中立,不信任,中立,中立,不信任,中立,中立,不信任,不信任,不透露,1,文學院,Year 2,學士
2020-08-24 23:18:05,2020-08-24 23:21:18,IP Address,45.64.243.116,100,192,True,2020-08-24 23:21:18,R_1Pc8RvM2ejeEp1Y,,,,,22.2794952392578125,114.14599609375,anonymous,EN,同意,同意,同意,中立,中立,同意,同意,同意,同意,同意,非常同意,中立,非常同意,非常同意,同意,非常同意,非常同意,中立,不同意,非常同意,非常同意,同意,同意,非常同意,非常同意,中立,中立,不同意,1-3次,非常同意,非常同意,非常同意,非常不同意,非常同意,有,從不,從不,從不,從不,從不,從不,每日1小時內,有,從不,每日1-2小時,每日1小時內,從不,從不,有,從不,從不,從不,從不,有,每30個以上帖子表達反應／留言／分享一次,每30個以上帖子表達反應／留言／分享一次,從不,從不,沒有,,,,,從不,從不,從不,從不,中立,不信任,中立,信任,信任,信任,信任,中立,信任,不信任,女,20,文學院,Year 2,學士
2020-08-24 23:18:24,2020-08-24 23:21:57,IP Address,116.49.183.108,100,212,True,2020-08-24 23:21:57,R_SDgRhYdE5EGI0ox,,,,,22.2794952392578125,114.14599609375,anonymous,EN,同意,中立,同意,同意,同意,同意,同意,同意,中立,同意,同意,中立,同意,同意,同意,同意,同意,同意,同意,同意,同意,同意,中立,同意,中立,同意,同意,同意,4-5次,同意,同意,同意,同意,同意,有,每5至10個帖子會表達反應／留言／分享一次,每10至30個帖子會表達反應／留言／分享一次,每10至30個帖子會表達反應／留言／分享一次,每日1小時內,從不,每日1小時內,每日1-2小時,沒有,,,,,,,,,,,,,,,,,,,,,,,,,中立,中立,中立,信任,中立,信任,信任,中立,信任,中立,女,21,社會科學院,Year 4,學士
2020-08-24 23:19:52,2020-08-24 23:23:09,IP Address,58.176.185.120,100,197,True,2020-08-24 23:23:10,R_TnMWofHw4puETcJ,,,,,22.4691009521484375,114.006103515625,anonymous,EN,非常同意,中立,同意,不同意,同意,同意,同意,同意,中立,中立,中立,中立,同意,同意,同意,中立,同意,中立,中立,同意,中立,中立,同意,非常同意,非常同意,同意,中立,中立,1-3次,不同意,中立,非常同意,同意,同意,有,每30個以上帖子表達反應／留言／分享一次,從不,從不,每日1小時內,從不,每日1小時內,每日1-2小時,有,從不,從不,每日1小時內,從不,從不,沒有,,,,,沒有,,,,,有,從不,從不,從不,從不,每30個以上帖子表達反應／留言／分享一次,從不,從不,從不,中立,信任,中立,中立,不信任,中立,不信任,信任,中立,中立,女,20,商學院,Year 2,學士
2020-08-24 23:20:06,2020-08-24 23:24:24,IP Address,210.6.218.56,100,257,True,2020-08-24 23:24:24,R_zSbPdnXCYRtJUEp,,,,,22.4333038330078125,114.033294677734375,anonymous,EN,同意,同意,同意,不同意,同意,同意,同意,中立,同意,同意,同意,同意,同意,同意,中立,不同意,同意,中立,中立,同意,同意,中立,同意,同意,同意,中立,不同意,中立,1-3次,不同意,不同意,同意,同意,同意,沒有,,,,從不,從不,每日1小時內,每日1小時內,沒有,,,,,,,,,,,,,,,,,,,,,,,,,中立,中立,中立,中立,不信任,中立,中立,不信任,中立,中立,女,20,文學院,Year 4,學士
2020-08-24 23:21:00,2020-08-24 23:25:31,IP Address,182.239.85.103,100,271,True,2020-08-24 23:25:32,R_2Bfy1Ru0V8JEjwl,,,,,22.2794952392578125,114.14599609375,anonymous,EN,同意,同意,中立,中立,同意,同意,中立,同意,同意,同意,同意,非常同意,非常同意,同意,非常同意,同意,同意,同意,不同意,非常同意,非常同意,中立,非常同意,同意,同意,非常同意,同意,同意,7次以上,不同意,不同意,不同意,中立,同意,有,每30個以上帖子表達反應／留言／分享一次,每30個以上帖子表達反應／留言／分享一次,每30個以上帖子表達反應／留言／分享一次,從不,從不,每日1小時內,每日3-4小時,有,每日1-2小時,每日3-4小時,每日1-2小時,每日1小時內,每日1小時內,有,每30個以上帖子表達反應／留言／分享一次,每30個以上帖子表達反應／留言／分享一次,每10至30個帖子會表達反應／留言／分享一次,每30個以上帖子表達反應／留言／分享一次,有,每10至30個帖子會表達反應／留言／分享一次,每10至30個帖子會表達反應／留言／分享一次,每10至30個帖子會表達反應／留言／分享一次,每10至30個帖子會表達反應／留言／分享一次,沒有,,,,,從不,從不,從不,從不,中立,中立,中立,信任,中立,中立,信任,不信任,信任,中立,男,19,理學院,Year 3,學士
2020-08-24 23:23:01,2020-08-24 23:27:04,IP Address,182.239.90.106,100,243,True,2020-08-24 23:27:04,R_BMu0KWJZ21IQ15T,,,,,22.2794952392578125,114.14599609375,anonymous,EN,非常同意,非常同意,非常同意,非常同意,非常同意,非常同意,非常同意,非常同意,非常同意,非常同意,非常同意,非常同意,非常同意,非常同意,非常同意,非常同意,非常同意,非常同意,非常同意,非常同意,非常同意,非常同意,非常同意,中立,同意,同意,非常同意,非常同意,1-3次,非常同意,非常同意,非常同意,非常同意,非常同意,沒有,,,,從不,從不,從不,每日3-4小時,沒有,,,,,,,,,,,,,,,,,,,,,,,,,不信任,非常不信任,中立,信任,信任,中立,中立,非常不信任,非常信任,中立,不透露,23,醫學院,Year 2,學士
2020-08-24 23:27:30,2020-08-24 23:28:58,IP Address,124.244.89.54,100,87,True,2020-08-24 23:28:58,R_C9saXOaNHLV0YDv,,,,,22.266693115234375,114.233306884765625,anonymous,EN,同意,中立,中立,中立,中立,中立,中立,中立,中立,同意,不同意,中立,同意,非常同意,同意,中立,同意,不同意,同意,不同意,中立,同意,中立,同意,中立,同意,同意,同意,6-7次,同意,中立,不同意,不同意,中立,有,每30個以上帖子表達反應／留言／分享一次,每30個以上帖子表達反應／留言／分享一次,每30個以上帖子表達反應／留言／分享一次,每日3-4小時,每日1小時內,每日1小時內,從不,沒有,,,,,,,,,,,,,,,,,,,,,,,,,中立,信任,中立,非常信任,信任,信任,不信任,信任,信任,信任,男,20,商學院,Year 3,學士
2020-08-24 23:22:56,2020-08-24 23:30:23,IP Address,137.189.240.37,100,446,True,2020-08-24 23:30:23,R_1mgxeOKQY7NidhM,,,,,22.2794952392578125,114.14599609375,anonymous,EN,非常同意,非常同意,非常同意,非常不同意,中立,非常同意,非常同意,同意,不同意,中立,同意,非常不同意,非常同意,非常同意,非常同意,非常同意,非常同意,非常同意,非常同意,非常同意,非常同意,非常同意,不同意,非常同意,同意,非常同意,非常不同意,不同意,6-7次,非常不同意,非常不同意,非常同意,非常同意,非常同意,沒有,,,,從不,從不,每日1小時內,每日1小時內,有,每日1小時內,從不,從不,從不,從不,沒有,,,,,沒有,,,,,有,從不,從不,從不,從不,從不,從不,從不,從不,中立,中立,中立,中立,中立,中立,不信任,中立,中立,不信任,男,24,醫學院,Year 6,學士
2020-08-24 23:19:02,2020-08-24 23:32:15,IP Address,113.255.233.138,100,792,True,2020-08-24 23:32:15,R_2uqWD9dnCpMmACu,,,,,22.2794952392578125,114.14599609375,anonymous,EN,非常同意,同意,同意,中立,同意,同意,同意,同意,不同意,同意,同意,不同意,同意,非常同意,同意,同意,同意,中立,同意,中立,中立,同意,非常不同意,非常同意,非常同意,同意,同意,中立,1-3次,同意,中立,同意,同意,非常同意,有,每5至10個帖子會表達反應／留言／分享一次,每30個以上帖子表達反應／留言／分享一次,從不,從不,從不,每日1小時內,每日4小時以上,沒有,,,,,,,,,,,,,,,,,,,,,,,,,中立,中立,中立,信任,中立,中立,中立,不信任,信任,信任,女,22,商學院,Year 4,學士
2020-08-24 23:31:04,2020-08-24 23:34:18,IP Address,14.0.236.77,100,194,True,2020-08-24 23:34:18,R_3R3DOh3YtDpBZBd,,,,,22.2794952392578125,114.14599609375,anonymous,EN,同意,同意,同意,中立,同意,同意,中立,同意,同意,同意,同意,同意,非常同意,同意,同意,不同意,同意,中立,同意,同意,同意,同意,同意,同意,同意,中立,同意,中立,1-3次,非常同意,非常同意,非常同意,非常同意,同意,有,從不,每30個以上帖子表達反應／留言／分享一次,從不,每日1小時內,每日1-2小時,每日1小時內,每日1小時內,有,每日1小時內,每日1小時內,從不,每日1小時內,從不,有,從不,每30個以上帖子表達反應／留言／分享一次,從不,從不,有,從不,每30個以上帖子表達反應／留言／分享一次,從不,從不,沒有,,,,,從不,從不,從不,從不,信任,中立,信任,信任,不信任,信任,信任,中立,信任,中立,女,20,文學院,Year 1,學士
2020-08-24 23:29:44,2020-08-24 23:35:28,IP Address,119.247.40.176,100,344,True,2020-08-24 23:35:29,R_1pRPdz4SOlselHj,,,,,22.2794952392578125,114.14599609375,anonymous,EN,非常同意,非常同意,非常同意,同意,中立,同意,同意,同意,同意,同意,非常同意,同意,同意,非常同意,非常同意,非常同意,非常同意,非常同意,非常同意,同意,同意,同意,同意,非常同意,非常同意,同意,同意,非常同意,1-3次,非常同意,同意,同意,非常同意,非常同意,有,每30個以上帖子表達反應／留言／分享一次,從不,從不,每日1小時內,從不,每日1小時內,每日3-4小時,有,每日1-2小時,每日1小時內,每日1小時內,從不,從不,有,幾乎每個帖子都會表達反應／留言／分享一次,每10至30個帖子會表達反應／留言／分享一次,從不,從不,有,幾乎每個帖子都會表達反應／留言／分享一次,每10至30個帖子會表達反應／留言／分享一次,從不,從不,沒有,,,,,從不,從不,從不,從不,信任,中立,信任,信任,中立,信任,信任,不信任,非常信任,中立,男,19,社會科學院,Year 3,學士
2020-08-24 23:31:46,2020-08-24 23:35:43,IP Address,137.189.134.49,100,237,True,2020-08-24 23:35:44,R_ZxiodejVMoZfiq5,,,,,22.38330078125,114.18328857421875,anonymous,EN,同意,同意,同意,中立,同意,非常同意,同意,非常同意,同意,同意,非常同意,中立,同意,同意,同意,中立,同意,不同意,同意,同意,同意,中立,同意,同意,同意,同意,中立,同意,1-3次,同意,同意,非常同意,非常同意,同意,有,從不,每30個以上帖子表達反應／留言／分享一次,從不,從不,每日1小時內,每日1-2小時,每日1-2小時,沒有,,,,,,,,,,,,,,,,,,,,,,,,,中立,中立,信任,信任,中立,信任,中立,中立,中立,中立,男,22,理學院,Year 4,學士
2020-08-24 23:18:46,2020-08-24 23:38:23,IP Address,211.253.26.240,100,1177,True,2020-08-24 23:38:23,R_BYalEadkAu5V6iR,,,,,36.6352996826171875,127.467803955078125,anonymous,EN,非常同意,非常同意,同意,中立,不同意,同意,同意,不同意,不同意,不同意,中立,不同意,中立,同意,同意,中立,同意,不同意,不同意,同意,中立,同意,中立,同意,同意,不同意,同意,同意,1-3次,不同意,中立,同意,中立,同意,有,每30個以上帖子表達反應／留言／分享一次,每10至30個帖子會表達反應／留言／分享一次,每30個以上帖子表達反應／留言／分享一次,從不,每日1小時內,每日1小時內,每日1小時內,有,每日1小時內,每日1小時內,每日1小時內,從不,每日1小時內,有,每10至30個帖子會表達反應／留言／分享一次,從不,從不,從不,有,每5至10個帖子會表達反應／留言／分享一次,每5至10個帖子會表達反應／留言／分享一次,從不,每30個以上帖子表達反應／留言／分享一次,沒有,,,,,每30個以上帖子表達反應／留言／分享一次,每30個以上帖子表達反應／留言／分享一次,從不,從不,信任,信任,信任,信任,不信任,中立,中立,信任,信任,不信任,女,19,商學院,Year 2,學士
2020-08-24 23:26:59,2020-08-24 23:39:42,IP Address,1.64.195.12,100,762,True,2020-08-24 23:39:43,R_3Gq539CkUdpUT9G,,,,,22.4333038330078125,114.033294677734375,anonymous,EN,同意,同意,同意,中立,同意,同意,中立,同意,不同意,同意,中立,中立,同意,同意,中立,中立,同意,中立,同意,同意,同意,中立,不同意,同意,同意,中立,不同意,中立,1-3次,不同意,同意,同意,同意,同意,沒有,,,,從不,從不,每日1-2小時,每日3-4小時,有,從不,每日1-2小時,每日1小時內,從不,每日1小時內,有,從不,從不,從不,從不,有,從不,每10至30個帖子會表達反應／留言／分享一次,從不,每10至30個帖子會表達反應／留言／分享一次,沒有,,,,,從不,每30個以上帖子表達反應／留言／分享一次,從不,從不,信任,中立,中立,信任,信任,中立,信任,中立,信任,中立,女,18,醫學院,Year 2,學士
2020-08-24 23:23:13,2020-08-24 23:40:50,IP Address,66.115.147.73,100,1057,True,2020-08-24 23:40:50,R_2zTnL2XF8XyFjnr,,,,,49.282501220703125,-123.1291046142578125,anonymous,EN,非常同意,非常同意,同意,同意,同意,同意,同意,同意,中立,同意,同意,不同意,中立,同意,同意,同意,非常同意,中立,同意,同意,同意,不同意,同意,同意,同意,中立,非常同意,中立,1-3次,中立,非常同意,中立,同意,非常同意,沒有,,,,從不,從不,每日1-2小時,每日3-4小時,有,每日1小時內,每日1-2小時,每日3-4小時,每日1-2小時,每日1小時內,有,從不,從不,從不,從不,有,每5至10個帖子會表達反應／留言／分享一次,每30個以上帖子表達反應／留言／分享一次,從不,每30個以上帖子表達反應／留言／分享一次,沒有,,,,,每30個以上帖子表達反應／留言／分享一次,從不,從不,從不,信任,不信任,中立,信任,中立,信任,信任,中立,非常信任,中立,女,19,理學院,Year 2,學士
2020-08-24 23:34:48,2020-08-24 23:41:20,IP Address,14.0.180.160,100,392,True,2020-08-24 23:41:21,R_3DbXOJpPR86K2TV,,,,,22.2794952392578125,114.14599609375,anonymous,EN,非常同意,非常同意,非常同意,同意,同意,同意,同意,同意,同意,同意,同意,同意,同意,非常同意,非常同意,非常同意,非常同意,同意,非常同意,同意,同意,同意,中立,非常同意,非常同意,非常同意,非常同意,同意,4-5次,同意,同意,非常同意,非常同意,非常同意,有,每5至10個帖子會表達反應／留言／分享一次,每10至30個帖子會表達反應／留言／分享一次,從不,從不,從不,從不,每日3-4小時,沒有,,,,,,,,,,,,,,,,,,,,,,,,,信任,信任,信任,信任,信任,信任,信任,中立,非常信任,中立,男,21,文學院,Year 3,學士
2020-08-24 23:34:14,2020-08-24 23:44:27,IP Address,223.17.9.28,100,613,True,2020-08-24 23:44:27,R_1NwicdNtkj3Fhye,,,,,22.2794952392578125,114.14599609375,anonymous,EN,同意,同意,同意,中立,同意,非常同意,不同意,非常同意,非常同意,非常同意,同意,非常同意,非常同意,非常同意,非常同意,非常不同意,非常同意,非常不同意,不同意,非常同意,非常同意,非常同意,中立,非常同意,非常同意,中立,不同意,不同意,1-3次,不同意,不同意,不同意,不同意,非常同意,沒有,,,,每日1小時內,每日1小時內,每日1小時內,每日3-4小時,有,每日1小時內,每日1小時內,每日1小時內,從不,從不,有,每10至30個帖子會表達反應／留言／分享一次,每30個以上帖子表達反應／留言／分享一次,從不,每30個以上帖子表達反應／留言／分享一次,有,每30個以上帖子表達反應／留言／分享一次,每30個以上帖子表達反應／留言／分享一次,從不,每30個以上帖子表達反應／留言／分享一次,有,每30個以上帖子表達反應／留言／分享一次,從不,從不,從不,每30個以上帖子表達反應／留言／分享一次,每30個以上帖子表達反應／留言／分享一次,每30個以上帖子表達反應／留言／分享一次,每30個以上帖子表達反應／留言／分享一次,中立,中立,中立,中立,中立,中立,中立,中立,中立,中立,男,24,理學院,Year 5,學士
2020-08-24 23:42:56,2020-08-24 23:47:40,IP Address,14.198.50.106,100,284,True,2020-08-24 23:47:41,R_2aEIbRAGoJtJnp1,,,,,22.283294677734375,114.216705322265625,anonymous,EN,非常同意,非常同意,非常同意,中立,同意,非常同意,同意,同意,同意,同意,同意,中立,非常同意,非常同意,同意,同意,非常同意,非常同意,不同意,同意,同意,中立,同意,非常同意,同意,非常同意,中立,中立,4-5次,同意,同意,非常同意,非常同意,中立,有,從不,從不,從不,每日1小時內,從不,從不,每日3-4小時,沒有,,,,,,,,,,,,,,,,,,,,,,,,,信任,中立,信任,信任,中立,信任,信任,不信任,信任,中立,男,22,工程學院,Year 4,學士
2020-08-24 23:45:34,2020-08-24 23:51:11,IP Address,219.78.38.2,100,336,True,2020-08-24 23:51:11,R_2YYqxwlkR01nEOF,,,,,22.2794952392578125,114.14599609375,anonymous,EN,非常同意,非常同意,同意,中立,同意,同意,中立,同意,不同意,中立,同意,中立,同意,非常同意,同意,中立,非常同意,中立,同意,非常同意,同意,同意,同意,非常同意,非常同意,中立,不同意,中立,1-3次,中立,不同意,中立,中立,同意,沒有,,,,從不,從不,每日3-4小時,每日3-4小時,有,每日1小時內,每日3-4小時,每日1-2小時,每日1-2小時,每日1小時內,有,每10至30個帖子會表達反應／留言／分享一次,每10至30個帖子會表達反應／留言／分享一次,從不,每10至30個帖子會表達反應／留言／分享一次,有,每5至10個帖子會表達反應／留言／分享一次,每10至30個帖子會表達反應／留言／分享一次,從不,每10至30個帖子會表達反應／留言／分享一次,沒有,,,,,每30個以上帖子表達反應／留言／分享一次,每30個以上帖子表達反應／留言／分享一次,從不,每30個以上帖子表達反應／留言／分享一次,信任,信任,中立,信任,中立,中立,中立,不信任,信任,信任,女,20,社會科學院,Year 2,學士
2020-08-24 23:53:52,2020-08-25 00:00:58,IP Address,45.120.2.73,100,426,True,2020-08-25 00:00:58,R_3Jle6jn4QMjQYVz,,,,,22.2794952392578125,114.14599609375,anonymous,EN,非常同意,非常同意,非常同意,非常同意,非常同意,非常同意,非常同意,同意,中立,同意,同意,不同意,非常同意,非常同意,同意,中立,非常同意,同意,非常同意,同意,中立,同意,非常不同意,非常同意,非常同意,非常同意,非常同意,中立,4-5次,非常同意,非常同意,非常同意,非常同意,非常同意,沒有,,,,從不,從不,每日1小時內,從不,有,每日1-2小時,每日3-4小時,每日3-4小時,每日1-2小時,從不,有,從不,從不,從不,從不,有,從不,從不,從不,從不,沒有,,,,,從不,從不,從不,從不,中立,中立,中立,中立,中立,中立,中立,不信任,信任,信任,女,23,文學院,Year 3,學士
2020-08-24 23:33:06,2020-08-25 00:12:21,IP Address,123.202.250.129,100,2354,True,2020-08-25 00:12:21,R_1NyPzFYZTQZtfP5,,,,,22.283294677734375,113.95001220703125,anonymous,EN,非常同意,同意,非常同意,同意,中立,中立,同意,同意,同意,同意,同意,同意,同意,同意,同意,中立,非常同意,同意,非常不同意,非常同意,同意,同意,同意,非常同意,非常同意,中立,同意,中立,1-3次,不同意,中立,同意,同意,同意,沒有,,,,從不,從不,從不,每日1小時內,有,每日1小時內,每日1小時內,從不,從不,每日1小時內,有,從不,每30個以上帖子表達反應／留言／分享一次,從不,從不,有,從不,每30個以上帖子表達反應／留言／分享一次,從不,從不,沒有,,,,,從不,從不,從不,從不,信任,不信任,中立,信任,信任,中立,信任,非常不信任,信任,信任,女,20,商學院,Year 2,學士
2020-08-25 00:23:05,2020-08-25 00:27:20,IP Address,37.120.210.84,100,254,True,2020-08-25 00:27:21,R_2PhFNRkqI4xV4oM,,,,,35.6128997802734375,139.743988037109375,anonymous,EN,同意,同意,同意,同意,不同意,不同意,不同意,不同意,中立,同意,同意,中立,同意,同意,同意,不同意,同意,中立,同意,同意,同意,同意,中立,同意,同意,中立,同意,中立,1-3次,同意,同意,同意,同意,同意,有,每10至30個帖子會表達反應／留言／分享一次,從不,從不,從不,從不,每日1小時內,每日1小時內,有,每日1-2小時,每日1-2小時,從不,每日1小時內,每日1小時內,有,每5至10個帖子會表達反應／留言／分享一次,從不,從不,從不,有,每5至10個帖子會表達反應／留言／分享一次,每10至30個帖子會表達反應／留言／分享一次,從不,從不,沒有,,,,,從不,從不,從不,從不,中立,中立,不信任,中立,中立,信任,中立,非常不信任,中立,中立,男,21,工程學院,Year 2,學士
2020-08-25 00:30:13,2020-08-25 00:35:31,IP Address,116.48.179.223,100,318,True,2020-08-25 00:35:32,R_3Rxr6xt2ufb7uxx,,,,,22.2794952392578125,114.14599609375,anonymous,EN,非常同意,非常同意,非常同意,同意,同意,同意,同意,同意,同意,同意,同意,同意,同意,同意,同意,不同意,同意,同意,同意,同意,同意,同意,同意,非常同意,同意,同意,不同意,同意,0次,同意,非常同意,非常同意,非常同意,同意,有,每30個以上帖子表達反應／留言／分享一次,從不,從不,從不,每日1小時內,每日1小時內,每日1小時內,有,每日1小時內,每日1小時內,每日1-2小時,每日1小時內,每日1小時內,有,每30個以上帖子表達反應／留言／分享一次,每30個以上帖子表達反應／留言／分享一次,每30個以上帖子表達反應／留言／分享一次,從不,有,每30個以上帖子表達反應／留言／分享一次,每30個以上帖子表達反應／留言／分享一次,每30個以上帖子表達反應／留言／分享一次,從不,沒有,,,,,每30個以上帖子表達反應／留言／分享一次,從不,從不,從不,信任,信任,信任,中立,中立,信任,中立,中立,信任,中立,男,19,工程學院,Year 3,學士
2020-08-25 00:34:48,2020-08-25 00:37:24,IP Address,209.58.185.231,100,155,True,2020-08-25 00:37:24,R_1eQnV3cNzBkd3g0,,,,,22.2794952392578125,114.14599609375,anonymous,EN,非常同意,非常同意,非常同意,中立,不同意,不同意,非常同意,非常同意,中立,不同意,不同意,不同意,非常同意,非常同意,非常同意,不同意,非常同意,不同意,非常同意,非常同意,非常同意,同意,同意,非常同意,非常同意,非常同意,不同意,不同意,7次以上,非常同意,非常同意,非常同意,非常同意,非常同意,沒有,,,,從不,從不,從不,每日4小時以上,有,每日1小時內,每日3-4小時,每日1小時內,每日4小時以上,從不,有,從不,從不,從不,從不,有,從不,從不,從不,從不,沒有,,,,,從不,從不,從不,從不,中立,不信任,中立,信任,信任,非常信任,信任,不信任,中立,不信任,男,21,工程學院,Year 2,學士
2020-08-25 00:39:43,2020-08-25 00:43:55,IP Address,119.236.248.52,100,251,True,2020-08-25 00:43:55,R_vdXRmNPPEDOBLBD,,,,,22.2794952392578125,114.14599609375,anonymous,EN,同意,同意,中立,同意,不同意,同意,同意,中立,同意,同意,同意,同意,非常同意,同意,同意,中立,非常同意,中立,非常同意,同意,中立,同意,同意,非常同意,同意,同意,中立,中立,1-3次,同意,同意,同意,同意,同意,沒有,,,,從不,從不,從不,每日1-2小時,有,每日1小時內,每日1小時內,從不,每日1小時內,每日1小時內,有,從不,從不,從不,每30個以上帖子表達反應／留言／分享一次,有,從不,從不,從不,從不,沒有,,,,,從不,從不,從不,從不,中立,中立,中立,中立,中立,中立,中立,中立,中立,中立,男,22,理學院,Year 3,學士
2020-08-25 00:48:34,2020-08-25 00:51:53,IP Address,61.244.123.89,100,199,True,2020-08-25 00:51:54,R_2BqRdnM40RrVb4W,,,,,22.399993896484375,113.983306884765625,anonymous,EN,非常同意,非常同意,同意,中立,不同意,同意,同意,非常同意,不同意,不同意,中立,不同意,非常同意,非常同意,同意,同意,同意,非常同意,非常同意,中立,中立,非常同意,非常同意,非常同意,非常同意,非常同意,中立,不同意,0次,不同意,不同意,同意,同意,非常同意,沒有,,,,從不,從不,每日1小時內,每日1-2小時,沒有,,,,,,,,,,,,,,,,,,,,,,,,,信任,信任,信任,信任,信任,非常信任,中立,非常信任,中立,中立,男,20,工程學院,Year 3,學士
2020-08-25 01:09:59,2020-08-25 01:19:19,IP Address,118.140.42.90,100,560,True,2020-08-25 01:19:19,R_9Fdrl0v0GfaX0kN,,,,,22.2794952392578125,114.14599609375,anonymous,EN,同意,同意,同意,同意,中立,同意,不同意,同意,同意,中立,同意,中立,同意,同意,同意,不同意,非常同意,同意,非常同意,非常同意,非常同意,非常同意,同意,同意,不同意,同意,同意,中立,1-3次,非常同意,非常同意,非常同意,同意,非常同意,沒有,,,,從不,每日1小時內,每日1-2小時,每日3-4小時,有,每日1-2小時,從不,從不,每日1小時內,從不,有,每10至30個帖子會表達反應／留言／分享一次,每30個以上帖子表達反應／留言／分享一次,從不,每30個以上帖子表達反應／留言／分享一次,有,每10至30個帖子會表達反應／留言／分享一次,每30個以上帖子表達反應／留言／分享一次,從不,每30個以上帖子表達反應／留言／分享一次,有,從不,從不,從不,從不,每10至30個帖子會表達反應／留言／分享一次,從不,從不,從不,中立,中立,信任,信任,中立,信任,信任,非常不信任,非常不信任,中立,男,22,商學院,Year 5,學士
2020-08-25 01:28:40,2020-08-25 01:36:11,IP Address,58.153.178.217,100,450,True,2020-08-25 01:36:11,R_2e5c4PZ19oSaeMf,,,,,22.2794952392578125,114.14599609375,anonymous,EN,非常同意,非常同意,非常同意,同意,中立,非常同意,不同意,中立,不同意,同意,同意,不同意,非常同意,非常同意,非常同意,同意,同意,同意,非常同意,同意,中立,非常同意,非常同意,同意,非常同意,非常不同意,非常同意,不同意,4-5次,非常同意,非常同意,中立,中立,同意,有,幾乎每個帖子都會表達反應／留言／分享一次,從不,從不,每日1小時內,從不,從不,每日3-4小時,有,每日1-2小時,每日1小時內,每日1小時內,每日1-2小時,每日1-2小時,有,每5至10個帖子會表達反應／留言／分享一次,從不,從不,從不,有,每5至10個帖子會表達反應／留言／分享一次,從不,從不,從不,沒有,,,,,幾乎每個帖子都會表達反應／留言／分享一次,從不,每5至10個帖子會表達反應／留言／分享一次,從不,信任,中立,信任,中立,不信任,信任,信任,中立,信任,中立,男,21,社會科學院,Year 4,學士
2020-08-25 01:34:47,2020-08-25 01:39:19,IP Address,223.17.216.174,100,271,True,2020-08-25 01:39:19,R_2sQKa9snVTIQwUH,,,,,22.3166961669921875,114.18328857421875,anonymous,EN,同意,同意,同意,中立,中立,同意,同意,同意,同意,同意,同意,不同意,同意,同意,同意,同意,非常同意,同意,同意,同意,同意,同意,同意,非常同意,同意,同意,同意,不同意,4-5次,同意,不同意,同意,同意,同意,有,從不,從不,從不,從不,從不,每日1小時內,每日1-2小時,有,每日1小時內,每日1小時內,從不,從不,從不,有,每30個以上帖子表達反應／留言／分享一次,每30個以上帖子表達反應／留言／分享一次,從不,每30個以上帖子表達反應／留言／分享一次,有,每30個以上帖子表達反應／留言／分享一次,每30個以上帖子表達反應／留言／分享一次,從不,從不,有,每10至30個帖子會表達反應／留言／分享一次,每30個以上帖子表達反應／留言／分享一次,從不,從不,每10至30個帖子會表達反應／留言／分享一次,從不,每30個以上帖子表達反應／留言／分享一次,從不,中立,不信任,中立,中立,中立,中立,中立,不信任,中立,中立,女,20,社會科學院,Year 4,學士
2020-08-25 01:52:26,2020-08-25 01:56:34,IP Address,138.19.110.127,100,248,True,2020-08-25 01:56:35,R_2rD9HOfPMiUd54p,,,,,22.38330078125,114.18328857421875,anonymous,EN,同意,同意,同意,同意,同意,同意,同意,同意,同意,同意,同意,中立,同意,同意,不同意,不同意,同意,同意,同意,同意,同意,不同意,不同意,同意,不同意,同意,同意,同意,1-3次,非常同意,同意,非常同意,同意,非常同意,沒有,,,,從不,從不,每日1小時內,每日1-2小時,有,每日1小時內,每日1小時內,每日1-2小時,每日1小時內,從不,有,每30個以上帖子表達反應／留言／分享一次,每30個以上帖子表達反應／留言／分享一次,每30個以上帖子表達反應／留言／分享一次,每30個以上帖子表達反應／留言／分享一次,有,每30個以上帖子表達反應／留言／分享一次,每30個以上帖子表達反應／留言／分享一次,每30個以上帖子表達反應／留言／分享一次,從不,沒有,,,,,每30個以上帖子表達反應／留言／分享一次,每30個以上帖子表達反應／留言／分享一次,每30個以上帖子表達反應／留言／分享一次,從不,信任,中立,中立,中立,不信任,信任,信任,非常不信任,信任,中立,男,20,社會科學院,Year 4,學士
2020-08-25 01:50:29,2020-08-25 01:56:39,IP Address,60.246.70.111,100,369,True,2020-08-25 01:56:39,R_2t5x6gF0HLyAfol,,,,,22.1999969482421875,113.54998779296875,anonymous,EN,非常同意,非常同意,同意,同意,同意,同意,同意,同意,同意,同意,同意,同意,同意,同意,中立,中立,同意,同意,同意,同意,同意,同意,中立,非常同意,非常同意,同意,中立,同意,1-3次,同意,同意,中立,非常同意,同意,有,幾乎每個帖子都會表達反應／留言／分享一次,每5至10個帖子會表達反應／留言／分享一次,每10至30個帖子會表達反應／留言／分享一次,每日1小時內,每日1小時內,每日1小時內,每日1-2小時,沒有,,,,,,,,,,,,,,,,,,,,,,,,,中立,中立,中立,中立,不信任,信任,中立,中立,信任,中立,男,20,工程學院,Year 3,學士
2020-08-25 02:00:03,2020-08-25 02:04:52,IP Address,182.239.89.92,100,288,True,2020-08-25 02:04:52,R_2V7rbXcoDWYQdyi,,,,,22.2794952392578125,114.14599609375,anonymous,EN,非常同意,非常同意,非常同意,非常同意,非常同意,非常同意,非常同意,非常同意,非常同意,非常同意,非常同意,非常同意,非常同意,非常同意,非常同意,同意,非常同意,非常同意,同意,同意,同意,同意,非常同意,同意,非常同意,非常同意,非常同意,非常同意,4-5次,同意,同意,同意,同意,非常同意,有,幾乎每個帖子都會表達反應／留言／分享一次,每30個以上帖子表達反應／留言／分享一次,從不,每日1-2小時,每日1小時內,每日1小時內,每日1-2小時,有,每日1-2小時,每日1小時內,每日1小時內,每日1小時內,每日1小時內,有,幾乎每個帖子都會表達反應／留言／分享一次,每5至10個帖子會表達反應／留言／分享一次,從不,每5至10個帖子會表達反應／留言／分享一次,有,幾乎每個帖子都會表達反應／留言／分享一次,每5至10個帖子會表達反應／留言／分享一次,從不,每5至10個帖子會表達反應／留言／分享一次,有,每5至10個帖子會表達反應／留言／分享一次,每5至10個帖子會表達反應／留言／分享一次,每30個以上帖子表達反應／留言／分享一次,每5至10個帖子會表達反應／留言／分享一次,每5至10個帖子會表達反應／留言／分享一次,每10至30個帖子會表達反應／留言／分享一次,從不,每5至10個帖子會表達反應／留言／分享一次,信任,中立,中立,信任,中立,信任,信任,非常不信任,信任,中立,男,20,社會科學院,Year 3,學士
2020-08-25 02:09:32,2020-08-25 02:13:46,IP Address,124.217.188.161,100,253,True,2020-08-25 02:13:46,R_3kujhr5af8hW5UA,,,,,22.2794952392578125,114.14599609375,anonymous,EN,同意,同意,同意,同意,同意,同意,中立,同意,中立,同意,同意,中立,非常同意,同意,同意,非常同意,同意,中立,同意,同意,同意,同意,同意,同意,同意,中立,中立,同意,1-3次,非常同意,同意,同意,同意,非常同意,沒有,,,,每日1-2小時,從不,每日1小時內,每日1-2小時,有,從不,每日1-2小時,每日1小時內,每日1小時內,每日1小時內,有,從不,從不,從不,從不,沒有,,,,,有,從不,從不,從不,從不,從不,從不,從不,從不,信任,中立,中立,信任,中立,信任,信任,信任,信任,中立,女,19,工程學院,Year 2,學士
2020-08-25 02:10:00,2020-08-25 02:15:56,IP Address,14.0.170.203,100,355,True,2020-08-25 02:15:56,R_2EaFSNYjH04nspu,,,,,22.2794952392578125,114.14599609375,anonymous,EN,同意,同意,同意,同意,不同意,非常同意,同意,同意,同意,同意,同意,非常同意,同意,同意,同意,同意,同意,中立,同意,非常同意,非常同意,非常同意,非常同意,同意,同意,同意,同意,同意,4-5次,同意,同意,非常同意,非常同意,同意,有,每5至10個帖子會表達反應／留言／分享一次,每10至30個帖子會表達反應／留言／分享一次,每10至30個帖子會表達反應／留言／分享一次,從不,每日1小時內,從不,每日4小時以上,沒有,,,,,,,,,,,,,,,,,,,,,,,,,中立,非常不信任,中立,信任,信任,信任,信任,非常不信任,非常信任,中立,男,22,文學院,Year 4,學士
2020-08-25 02:35:15,2020-08-25 02:38:24,IP Address,137.189.240.36,100,189,True,2020-08-25 02:38:25,R_sUvCnj72akMvIjv,,,,,22.2794952392578125,114.14599609375,anonymous,EN,同意,同意,非常同意,同意,同意,非常同意,同意,非常同意,中立,同意,同意,同意,非常同意,非常同意,同意,同意,非常同意,同意,不同意,同意,中立,同意,同意,同意,同意,非常同意,中立,中立,1-3次,不同意,同意,同意,同意,非常同意,沒有,,,,從不,從不,從不,每日1-2小時,沒有,,,,,,,,,,,,,,,,,,,,,,,,,信任,中立,中立,不信任,不信任,信任,信任,不信任,信任,中立,男,21,商學院,Year 4,學士
2020-08-25 02:38:47,2020-08-25 02:42:25,IP Address,119.247.128.173,100,218,True,2020-08-25 02:42:26,R_1rCDAUwk3kZOQL5,,,,,22.2794952392578125,114.14599609375,anonymous,EN,同意,同意,中立,中立,同意,同意,中立,中立,同意,同意,同意,不同意,同意,同意,同意,不同意,同意,同意,中立,同意,同意,同意,不同意,同意,非常同意,同意,中立,同意,1-3次,不同意,中立,同意,非常同意,同意,有,每5至10個帖子會表達反應／留言／分享一次,每30個以上帖子表達反應／留言／分享一次,從不,從不,從不,從不,每日1小時內,沒有,,,,,,,,,,,,,,,,,,,,,,,,,中立,非常不信任,非常不信任,中立,信任,不信任,信任,非常不信任,信任,中立,男,21,工程學院,Year 4,學士
2020-08-25 03:33:45,2020-08-25 03:36:44,IP Address,223.17.79.166,100,178,True,2020-08-25 03:36:44,R_VJq7Pwf4m085fTb,,,,,22.2794952392578125,114.14599609375,anonymous,EN,中立,中立,同意,不同意,不同意,中立,同意,同意,同意,中立,非常同意,同意,同意,同意,同意,同意,同意,同意,中立,非常同意,同意,同意,中立,非常同意,同意,同意,同意,同意,1-3次,非常同意,非常同意,非常同意,非常同意,同意,沒有,,,,每日1小時內,從不,每日1小時內,每日1-2小時,沒有,,,,,,,,,,,,,,,,,,,,,,,,,信任,不信任,中立,信任,中立,信任,信任,非常不信任,中立,中立,女,22,醫學院,Year 3,學士
2020-08-25 04:10:53,2020-08-25 04:15:41,IP Address,219.78.51.66,100,287,True,2020-08-25 04:15:41,R_11Z3pgPFr0tz0Fj,,,,,22.2794952392578125,114.14599609375,anonymous,EN,同意,同意,同意,同意,中立,同意,中立,中立,中立,中立,中立,不同意,同意,同意,同意,不同意,同意,不同意,同意,同意,同意,同意,同意,同意,同意,中立,中立,不同意,4-5次,不同意,不同意,不同意,同意,同意,沒有,,,,從不,從不,每日1-2小時,每日1-2小時,有,每日1-2小時,每日1-2小時,從不,每日1小時內,從不,有,從不,從不,從不,從不,有,從不,從不,從不,從不,沒有,,,,,從不,從不,從不,從不,信任,信任,中立,信任,中立,信任,信任,信任,信任,中立,女,19,醫學院,Year 2,學士
2020-08-25 04:38:33,2020-08-25 04:41:02,IP Address,1.36.97.51,100,149,True,2020-08-25 04:41:03,R_PLKcEc01TqLyE81,,,,,22.2794952392578125,114.14599609375,anonymous,EN,非常同意,非常同意,非常同意,同意,同意,同意,同意,同意,同意,同意,同意,不同意,同意,同意,同意,同意,同意,同意,同意,同意,同意,同意,同意,同意,同意,同意,同意,同意,0次,不同意,同意,同意,同意,同意,沒有,,,,從不,從不,每日1小時內,每日1-2小時,沒有,,,,,,,,,,,,,,,,,,,,,,,,,信任,信任,信任,信任,中立,信任,信任,中立,中立,中立,男,20,工程學院,Year 3,學士
2020-08-25 06:14:36,2020-08-25 06:17:45,IP Address,14.0.227.31,100,188,True,2020-08-25 06:17:46,R_1rfFiVniwjC28MM,,,,,22.2794952392578125,114.14599609375,anonymous,EN,非常同意,非常同意,非常同意,中立,同意,同意,同意,同意,同意,同意,同意,不同意,非常同意,同意,同意,同意,同意,同意,不同意,同意,同意,同意,同意,同意,非常同意,中立,中立,中立,1-3次,不同意,中立,不同意,中立,中立,沒有,,,,每日1小時內,從不,每日1小時內,每日1小時內,沒有,,,,,,,,,,,,,,,,,,,,,,,,,中立,中立,中立,中立,中立,中立,中立,中立,中立,中立,男,21,社會科學院,Year 4,學士
2020-08-25 06:31:01,2020-08-25 06:33:39,IP Address,125.59.163.38,100,157,True,2020-08-25 06:33:39,R_31u3gs1FTKoOUCP,,,,,22.283294677734375,113.95001220703125,anonymous,EN,非常同意,非常同意,非常同意,非常同意,非常同意,非常同意,非常同意,非常同意,非常同意,非常同意,非常同意,非常同意,非常同意,非常同意,非常同意,中立,非常同意,中立,不同意,非常同意,非常同意,非常同意,非常同意,非常同意,非常同意,非常同意,非常同意,非常同意,1-3次,同意,非常同意,非常同意,非常同意,非常同意,沒有,,,,從不,從不,從不,每日1小時內,沒有,,,,,,,,,,,,,,,,,,,,,,,,,中立,中立,中立,中立,中立,信任,中立,非常不信任,信任,中立,男,21,社會科學院,Year 4,學士
2020-08-25 07:11:00,2020-08-25 07:20:44,IP Address,223.18.202.122,100,583,True,2020-08-25 07:20:44,R_YQxJrt1y4jx9uzn,,,,,22.38330078125,114.18328857421875,anonymous,EN,同意,同意,同意,同意,同意,同意,中立,同意,中立,同意,中立,同意,同意,同意,同意,同意,同意,中立,不同意,同意,中立,中立,中立,同意,同意,同意,同意,同意,1-3次,同意,中立,同意,同意,同意,沒有,,,,從不,每日1小時內,每日1小時內,每日1小時內,有,每日1小時內,每日1-2小時,每日1小時內,每日1小時內,每日1小時內,有,每10至30個帖子會表達反應／留言／分享一次,每30個以上帖子表達反應／留言／分享一次,從不,每30個以上帖子表達反應／留言／分享一次,有,每30個以上帖子表達反應／留言／分享一次,每30個以上帖子表達反應／留言／分享一次,從不,每30個以上帖子表達反應／留言／分享一次,沒有,,,,,每30個以上帖子表達反應／留言／分享一次,每30個以上帖子表達反應／留言／分享一次,從不,每30個以上帖子表達反應／留言／分享一次,中立,中立,信任,信任,中立,中立,中立,中立,中立,中立,女,19,社會科學院,Year 2,學士
2020-08-25 07:28:59,2020-08-25 07:32:09,IP Address,183.179.132.242,100,189,True,2020-08-25 07:32:09,R_2S1yuDQnTu1oRez,,,,,22.3166961669921875,114.216705322265625,anonymous,EN,同意,同意,同意,同意,同意,非常同意,中立,中立,中立,同意,同意,中立,同意,同意,同意,同意,同意,同意,同意,中立,同意,中立,中立,同意,同意,同意,中立,中立,1-3次,不同意,同意,同意,同意,同意,有,從不,從不,從不,每日1小時內,每日1小時內,每日1小時內,每日1-2小時,有,每日1-2小時,每日1-2小時,從不,每日1小時內,每日1小時內,有,每30個以上帖子表達反應／留言／分享一次,從不,從不,從不,沒有,,,,,沒有,,,,,從不,從不,從不,從不,信任,信任,信任,信任,信任,信任,信任,中立,非常信任,中立,男,19,社會科學院,Year 2,學士
2020-08-25 07:34:29,2020-08-25 07:37:13,IP Address,61.238.221.133,100,163,True,2020-08-25 07:37:13,R_elpmvhDqt3ZmeWJ,,,,,22.3166961669921875,114.216705322265625,anonymous,EN,同意,同意,同意,同意,同意,同意,同意,同意,同意,同意,同意,同意,同意,同意,同意,中立,同意,同意,非常同意,同意,同意,同意,中立,同意,同意,同意,同意,同意,1-3次,不同意,中立,中立,同意,同意,有,每30個以上帖子表達反應／留言／分享一次,從不,從不,每日1-2小時,每日1-2小時,每日1-2小時,每日1小時內,沒有,,,,,,,,,,,,,,,,,,,,,,,,,信任,信任,信任,信任,非常不信任,中立,中立,信任,信任,中立,男,19,社會科學院,Year 2,學士
2020-08-25 07:38:18,2020-08-25 07:44:11,IP Address,116.49.213.31,100,353,True,2020-08-25 07:44:11,R_78ptcJtzeaNTjkR,,,,,22.2794952392578125,114.14599609375,anonymous,EN,非常同意,同意,同意,中立,同意,不同意,不同意,不同意,同意,同意,中立,非常同意,非常同意,非常同意,非常同意,非常同意,非常同意,中立,不同意,非常同意,中立,非常同意,中立,非常同意,非常同意,中立,非常同意,非常同意,1-3次,同意,同意,非常同意,非常同意,非常同意,有,每10至30個帖子會表達反應／留言／分享一次,每10至30個帖子會表達反應／留言／分享一次,從不,每日1小時內,從不,每日3-4小時,每日3-4小時,有,每日1-2小時,每日1-2小時,每日1小時內,每日1小時內,每日1小時內,有,每10至30個帖子會表達反應／留言／分享一次,每5至10個帖子會表達反應／留言／分享一次,從不,每10至30個帖子會表達反應／留言／分享一次,有,每5至10個帖子會表達反應／留言／分享一次,每5至10個帖子會表達反應／留言／分享一次,每10至30個帖子會表達反應／留言／分享一次,每10至30個帖子會表達反應／留言／分享一次,有,從不,從不,從不,從不,每30個以上帖子表達反應／留言／分享一次,每30個以上帖子表達反應／留言／分享一次,從不,從不,信任,非常信任,中立,信任,中立,信任,信任,中立,信任,不信任,女,20,社會科學院,Year 3,學士
2020-08-25 08:00:57,2020-08-25 08:08:20,IP Address,14.0.170.76,100,442,True,2020-08-25 08:08:20,R_3FLnYjHQ7ZL6B1K,,,,,22.2794952392578125,114.14599609375,anonymous,EN,同意,中立,中立,不同意,不同意,中立,同意,中立,不同意,不同意,不同意,同意,同意,非常同意,同意,同意,非常同意,中立,同意,不同意,不同意,中立,同意,同意,非常同意,中立,非常同意,同意,1-3次,不同意,同意,同意,同意,同意,有,每10至30個帖子會表達反應／留言／分享一次,從不,從不,從不,每日1小時內,每日1小時內,每日1-2小時,有,每日1-2小時,每日1-2小時,從不,每日1小時內,每日1小時內,有,每10至30個帖子會表達反應／留言／分享一次,每30個以上帖子表達反應／留言／分享一次,從不,每30個以上帖子表達反應／留言／分享一次,有,每10至30個帖子會表達反應／留言／分享一次,每30個以上帖子表達反應／留言／分享一次,從不,每30個以上帖子表達反應／留言／分享一次,沒有,,,,,每30個以上帖子表達反應／留言／分享一次,每30個以上帖子表達反應／留言／分享一次,從不,每30個以上帖子表達反應／留言／分享一次,信任,信任,信任,信任,不信任,中立,信任,中立,中立,不信任,女,21,社會科學院,Year 4,學士
2020-08-25 08:46:26,2020-08-25 08:52:30,IP Address,58.176.60.18,100,363,True,2020-08-25 08:52:30,R_2dHgOaCT6ELmggd,,,,,22.2794952392578125,114.14599609375,anonymous,EN,同意,同意,同意,中立,中立,同意,同意,同意,同意,同意,同意,中立,同意,同意,同意,同意,同意,同意,同意,同意,同意,同意,同意,同意,同意,同意,同意,中立,1-3次,不同意,不同意,同意,同意,同意,沒有,,,,從不,從不,每日1-2小時,每日1-2小時,沒有,,,,,,,,,,,,,,,,,,,,,,,,,信任,信任,中立,中立,中立,信任,中立,信任,信任,信任,女,19,社會科學院,Year 1,學士
2020-08-25 09:02:58,2020-08-25 09:06:14,IP Address,1.65.147.185,100,195,True,2020-08-25 09:06:14,R_3EiMppVw4b9RR6g,,,,,22.2794952392578125,114.14599609375,anonymous,EN,同意,同意,同意,中立,同意,同意,同意,非常同意,同意,同意,同意,中立,非常同意,同意,同意,不同意,同意,同意,非常同意,非常不同意,同意,同意,中立,同意,中立,非常同意,同意,中立,4-5次,中立,中立,非常同意,非常同意,同意,沒有,,,,每日1小時內,從不,每日1小時內,從不,沒有,,,,,,,,,,,,,,,,,,,,,,,,,中立,中立,中立,中立,中立,信任,中立,信任,中立,中立,女,19,理學院,Year 2,學士
2020-08-25 13:36:21,2020-08-25 13:40:15,IP Address,113.252.197.195,100,233,True,2020-08-25 13:40:15,R_2v387uBtjsikovh,,,,,22.2794952392578125,114.14599609375,anonymous,EN,同意,同意,同意,中立,同意,非常同意,非常同意,同意,中立,同意,中立,中立,非常同意,非常同意,同意,中立,同意,中立,非常同意,同意,中立,中立,中立,中立,非常同意,非常同意,中立,同意,1-3次,不同意,中立,中立,同意,中立,沒有,,,,從不,從不,從不,每日1小時內,沒有,,,,,,,,,,,,,,,,,,,,,,,,,中立,不信任,信任,信任,中立,不信任,中立,不信任,信任,不信任,男,19,社會科學院,Year 2,學士
2020-08-25 18:23:27,2020-08-25 18:26:36,IP Address,14.0.231.140,100,189,True,2020-08-25 18:26:36,R_3NxfAxBFZ9QFTwo,,,,,22.2794952392578125,114.14599609375,anonymous,EN,同意,同意,同意,同意,中立,同意,同意,同意,同意,同意,同意,同意,同意,同意,同意,同意,同意,同意,非常同意,同意,同意,同意,中立,同意,同意,同意,中立,同意,1-3次,中立,同意,同意,同意,同意,有,每30個以上帖子表達反應／留言／分享一次,每30個以上帖子表達反應／留言／分享一次,從不,每日1小時內,每日1小時內,每日1小時內,每日1小時內,沒有,,,,,,,,,,,,,,,,,,,,,,,,,信任,信任,信任,信任,中立,信任,中立,非常不信任,信任,中立,女,21,社會科學院,Year 4,學士
2020-08-25 10:03:47,2020-08-25 18:29:27,IP Address,182.239.122.146,100,30339,True,2020-08-25 18:29:27,R_2dNgzgRQHg1biVF,,,,,22.2794952392578125,114.14599609375,anonymous,EN,非常同意,非常同意,非常同意,同意,同意,同意,同意,同意,同意,同意,同意,同意,同意,同意,同意,同意,非常同意,同意,不同意,同意,同意,同意,不同意,同意,同意,同意,同意,不同意,4-5次,不同意,不同意,同意,同意,同意,有,從不,每30個以上帖子表達反應／留言／分享一次,從不,每日1小時內,每日1-2小時,每日1小時內,每日1-2小時,沒有,,,,,,,,,,,,,,,,,,,,,,,,,中立,中立,信任,中立,中立,中立,中立,中立,信任,中立,女,20,社會科學院,Year 2,學士
2020-08-25 07:24:50,2020-08-25 21:55:28,IP Address,58.176.244.59,100,52237,True,2020-08-25 21:55:28,R_1M4ij1Dn0GlYh59,,,,,22.2794952392578125,114.14599609375,anonymous,EN,同意,同意,同意,同意,同意,同意,不同意,同意,不同意,同意,同意,中立,非常同意,非常同意,同意,同意,同意,中立,非常同意,同意,同意,同意,非常同意,同意,非常同意,同意,不同意,同意,1-3次,不同意,中立,同意,同意,中立,沒有,,,,從不,從不,每日1-2小時,每日1小時內,沒有,,,,,,,,,,,,,,,,,,,,,,,,,信任,信任,中立,信任,中立,非常信任,信任,中立,非常信任,中立,女,19,社會科學院,Year 2,學士
2020-08-26 00:26:28,2020-08-26 00:35:18,IP Address,223.16.3.33,100,530,True,2020-08-26 00:35:19,R_OetvdJqyok7x2TL,,,,,22.2794952392578125,114.14599609375,anonymous,EN,非常同意,同意,中立,不同意,不同意,同意,中立,非常同意,不同意,不同意,不同意,不同意,非常同意,非常同意,中立,同意,同意,不同意,非常同意,中立,同意,同意,同意,同意,非常同意,同意,中立,非常不同意,1-3次,非常不同意,中立,同意,不同意,同意,沒有,,,,從不,從不,每日1-2小時,每日3-4小時,沒有,,,,,,,,,,,,,,,,,,,,,,,,,信任,信任,信任,中立,不信任,非常信任,信任,中立,中立,信任,男,19,工程學院,Year 1,學士
2020-08-26 00:48:56,2020-08-26 00:52:47,IP Address,219.76.38.30,100,231,True,2020-08-26 00:52:47,R_2vYyx00bnct9er8,,,,,22.2794952392578125,114.14599609375,anonymous,EN,同意,同意,同意,同意,同意,同意,同意,同意,同意,同意,同意,同意,同意,同意,同意,同意,同意,同意,同意,同意,同意,同意,同意,同意,同意,同意,同意,同意,1-3次,同意,同意,同意,同意,同意,有,每10至30個帖子會表達反應／留言／分享一次,從不,從不,從不,從不,從不,每日1-2小時,沒有,,,,,,,,,,,,,,,,,,,,,,,,,中立,中立,中立,中立,中立,中立,中立,非常不信任,中立,中立,不透露,23,工程學院,Year 3,學士
2020-08-25 01:48:27,2020-08-26 01:14:41,IP Address,110.235.32.71,100,84374,True,2020-08-26 01:14:41,R_RdWE2fH2ypQffoZ,,,,,22.2794952392578125,114.14599609375,anonymous,EN,同意,中立,同意,中立,同意,同意,同意,同意,中立,同意,同意,中立,中立,同意,同意,中立,同意,中立,中立,中立,同意,中立,中立,同意,同意,同意,中立,中立,1-3次,中立,中立,中立,同意,中立,沒有,,,,每日1小時內,從不,每日4小時以上,每日1小時內,沒有,,,,,,,,,,,,,,,,,,,,,,,,,中立,中立,中立,中立,中立,中立,中立,中立,中立,中立,不透露,20,工程學院,Year 3,學士
2020-08-26 23:07:14,2020-08-26 23:15:02,IP Address,182.239.117.190,100,467,True,2020-08-26 23:15:02,R_2S35q13ErfB47oL,,,,,22.2794952392578125,114.14599609375,anonymous,EN,同意,中立,非常同意,同意,同意,同意,同意,同意,同意,同意,同意,同意,非常同意,同意,同意,同意,同意,同意,同意,同意,中立,同意,中立,同意,同意,同意,同意,同意,1-3次,非常同意,非常同意,非常同意,非常同意,中立,有,從不,每30個以上帖子表達反應／留言／分享一次,從不,每日1-2小時,每日1-2小時,每日1小時內,每日1小時內,有,從不,每日1小時內,每日1-2小時,每日1-2小時,每日1小時內,有,從不,從不,從不,從不,有,從不,從不,從不,從不,有,從不,從不,從不,從不,從不,從不,從不,從不,信任,中立,信任,信任,中立,中立,中立,中立,中立,中立,男,22,工程學院,Year 4,學士
2020-08-26 23:50:44,2020-08-26 23:56:26,IP Address,113.254.176.246,100,342,True,2020-08-26 23:56:26,R_3iDzWfAPU0DocS9,,,,,22.2794952392578125,114.14599609375,anonymous,EN,同意,同意,同意,同意,中立,同意,同意,同意,不同意,同意,同意,同意,同意,同意,同意,同意,同意,同意,同意,同意,同意,同意,中立,非常同意,非常同意,同意,不同意,不同意,6-7次,不同意,同意,同意,同意,同意,沒有,,,,從不,從不,從不,每日1-2小時,有,每日1小時內,每日1小時內,每日1小時內,每日1小時內,從不,有,從不,從不,從不,從不,有,每30個以上帖子表達反應／留言／分享一次,從不,從不,從不,沒有,,,,,每30個以上帖子表達反應／留言／分享一次,從不,從不,從不,中立,中立,中立,中立,中立,中立,中立,中立,信任,中立,女,21,工程學院,Year 3,學士
2020-08-27 00:50:16,2020-08-27 00:56:16,IP Address,223.255.165.246,100,360,True,2020-08-27 00:56:16,R_1MMA9AFcpWUMFQV,,,,,22.2794952392578125,114.14599609375,anonymous,EN,同意,中立,中立,不同意,同意,同意,同意,同意,同意,同意,同意,不同意,同意,非常同意,同意,同意,同意,非常同意,不同意,同意,同意,同意,不同意,同意,非常同意,同意,同意,不同意,4-5次,不同意,不同意,不同意,同意,同意,有,從不,每30個以上帖子表達反應／留言／分享一次,從不,從不,從不,從不,每日1小時內,有,每日1-2小時,每日1小時內,從不,每日1小時內,從不,有,從不,每10至30個帖子會表達反應／留言／分享一次,從不,從不,有,每10至30個帖子會表達反應／留言／分享一次,每10至30個帖子會表達反應／留言／分享一次,從不,從不,沒有,,,,,從不,從不,從不,從不,信任,中立,中立,信任,信任,信任,信任,不信任,中立,中立,女,21,工程學院,Year 3,學士
2020-08-27 01:40:24,2020-08-27 01:43:02,IP Address,223.197.186.226,100,158,True,2020-08-27 01:43:03,R_2QPREfGo6AanRtT,,,,,22.2794952392578125,114.14599609375,anonymous,EN,非常同意,非常同意,非常同意,非常同意,同意,非常同意,同意,同意,同意,非常同意,非常同意,中立,非常同意,非常同意,同意,不同意,同意,非常同意,同意,同意,同意,同意,非常同意,非常同意,非常同意,非常同意,非常同意,非常同意,1-3次,中立,中立,同意,同意,同意,沒有,,,,從不,從不,從不,每日1小時內,沒有,,,,,,,,,,,,,,,,,,,,,,,,,信任,非常不信任,中立,信任,中立,信任,信任,不信任,中立,不信任,不透露,23,理學院,Year 3,學士
2020-08-27 10:19:51,2020-08-27 10:25:04,IP Address,218.250.238.145,100,313,True,2020-08-27 10:25:05,R_1LTHmnHBZ7Ca6kh,,,,,22.2794952392578125,114.14599609375,anonymous,EN,非常同意,同意,同意,同意,同意,非常同意,同意,同意,同意,同意,同意,中立,同意,非常同意,同意,同意,非常同意,同意,非常同意,同意,非常同意,同意,同意,同意,同意,同意,同意,同意,1-3次,同意,同意,同意,同意,同意,沒有,,,,從不,從不,每日1小時內,每日1小時內,有,每日1小時內,每日1小時內,每日1小時內,從不,從不,沒有,,,,,沒有,,,,,沒有,,,,,每5至10個帖子會表達反應／留言／分享一次,每30個以上帖子表達反應／留言／分享一次,每10至30個帖子會表達反應／留言／分享一次,每10至30個帖子會表達反應／留言／分享一次,中立,中立,中立,中立,中立,中立,中立,中立,信任,信任,男,21,工程學院,Year 2,學士
2020-08-27 10:26:58,2020-08-27 10:31:15,IP Address,218.250.32.52,100,257,True,2020-08-27 10:31:16,R_2drSmhbjMBKZz2W,,,,,22.2794952392578125,114.14599609375,anonymous,EN,非常同意,同意,同意,中立,非常同意,同意,中立,同意,不同意,同意,同意,同意,同意,非常同意,同意,同意,非常同意,同意,同意,同意,同意,中立,中立,同意,非常同意,中立,同意,同意,1-3次,中立,中立,同意,同意,同意,有,每10至30個帖子會表達反應／留言／分享一次,每10至30個帖子會表達反應／留言／分享一次,每10至30個帖子會表達反應／留言／分享一次,從不,從不,每日1小時內,每日1小時內,沒有,,,,,,,,,,,,,,,,,,,,,,,,,中立,中立,中立,信任,中立,中立,中立,不信任,信任,中立,不透露,20,工程學院,Year 3,學士
2020-08-27 19:50:56,2020-08-27 19:54:45,IP Address,59.149.124.25,100,229,True,2020-08-27 19:54:46,R_3KHoLcp1lpf3HeT,,,,,22.2794952392578125,114.14599609375,anonymous,EN,同意,同意,同意,同意,同意,同意,同意,同意,同意,同意,同意,同意,非常同意,同意,同意,同意,同意,同意,中立,同意,同意,同意,同意,同意,同意,同意,同意,同意,1-3次,同意,同意,同意,同意,中立,有,每30個以上帖子表達反應／留言／分享一次,每30個以上帖子表達反應／留言／分享一次,每30個以上帖子表達反應／留言／分享一次,每日1小時內,從不,每日1-2小時,每日3-4小時,有,每日1-2小時,每日1-2小時,每日1小時內,每日1-2小時,從不,有,每30個以上帖子表達反應／留言／分享一次,每30個以上帖子表達反應／留言／分享一次,從不,每10至30個帖子會表達反應／留言／分享一次,有,從不,每10至30個帖子會表達反應／留言／分享一次,每10至30個帖子會表達反應／留言／分享一次,每10至30個帖子會表達反應／留言／分享一次,沒有,,,,,每5至10個帖子會表達反應／留言／分享一次,每5至10個帖子會表達反應／留言／分享一次,每5至10個帖子會表達反應／留言／分享一次,每5至10個帖子會表達反應／留言／分享一次,信任,信任,中立,信任,信任,信任,信任,中立,信任,信任,男,22,工程學院,Year 4,學士
2020-08-28 05:17:07,2020-08-28 05:20:38,IP Address,219.78.167.231,100,211,True,2020-08-28 05:20:38,R_22MrBQPuPDz8DJi,,,,,22.399993896484375,114.233306884765625,anonymous,EN,同意,同意,同意,同意,同意,同意,中立,中立,同意,同意,同意,不同意,中立,中立,同意,非常不同意,同意,同意,中立,同意,同意,同意,同意,同意,同意,不同意,不同意,同意,1-3次,同意,同意,中立,同意,同意,有,每10至30個帖子會表達反應／留言／分享一次,每30個以上帖子表達反應／留言／分享一次,每30個以上帖子表達反應／留言／分享一次,每日1小時內,每日1小時內,每日1小時內,每日1小時內,沒有,,,,,,,,,,,,,,,,,,,,,,,,,信任,中立,信任,信任,信任,信任,信任,不信任,信任,中立,男,21,工程學院,Year 4,學士
2020-08-23 02:52:12,2020-08-23 02:52:21,IP Address,210.6.24.29,4,9,False,2020-08-30 02:52:21,R_yTKFlocYYbZx4sN,,,,,,,anonymous,EN,,,,,,,,,,,,,,,,,,,,,,,,,,,,,,,,,,,,,,,,,,,,,,,,,,,,,,,,,,,,,,,,,,,,,,,,,,,,,,,,,,
2020-08-24 23:17:11,2020-08-24 23:17:14,IP Address,50.71.64.44,4,3,False,2020-08-31 23:17:55,R_3DJuUB1YUnLP9IJ,,,,,,,anonymous,EN,,,,,,,,,,,,,,,,,,,,,,,,,,,,,,,,,,,,,,,,,,,,,,,,,,,,,,,,,,,,,,,,,,,,,,,,,,,,,,,,,,
2020-08-24 23:23:13,2020-08-24 23:23:19,IP Address,220.86.232.19,4,6,False,2020-08-31 23:23:35,R_3eqvZD22FKwWysa,,,,,,,anonymous,EN,,,,,,,,,,,,,,,,,,,,,,,,,,,,,,,,,,,,,,,,,,,,,,,,,,,,,,,,,,,,,,,,,,,,,,,,,,,,,,,,,,
2020-08-24 23:39:02,2020-08-24 23:39:06,IP Address,91.193.7.41,4,3,False,2020-08-31 23:39:11,R_QnY31f8RoKjII0N,,,,,,,anonymous,EN,,,,,,,,,,,,,,,,,,,,,,,,,,,,,,,,,,,,,,,,,,,,,,,,,,,,,,,,,,,,,,,,,,,,,,,,,,,,,,,,,,
2020-08-24 23:45:32,2020-08-24 23:45:37,IP Address,49.130.209.224,4,5,False,2020-08-31 23:46:20,R_2Uc7gj4arsyvua0,,,,,,,anonymous,EN,,,,,,,,,,,,,,,,,,,,,,,,,,,,,,,,,,,,,,,,,,,,,,,,,,,,,,,,,,,,,,,,,,,,,,,,,,,,,,,,,,
2020-08-25 00:03:32,2020-08-25 00:03:35,IP Address,123.203.25.101,4,2,False,2020-09-01 00:03:57,R_1KfC7ZvBA3cljCw,,,,,,,anonymous,EN,,,,,,,,,,,,,,,,,,,,,,,,,,,,,,,,,,,,,,,,,,,,,,,,,,,,,,,,,,,,,,,,,,,,,,,,,,,,,,,,,,
2020-08-25 00:18:02,2020-08-25 00:18:16,IP Address,223.17.33.157,4,13,False,2020-09-01 00:18:30,R_2abomNBQpeaNiun,,,,,,,anonymous,EN,,,,,,,,,,,,,,,,,,,,,,,,,,,,,,,,,,,,,,,,,,,,,,,,,,,,,,,,,,,,,,,,,,,,,,,,,,,,,,,,,,
2020-08-25 01:40:14,2020-08-25 01:40:17,IP Address,125.59.170.3,4,2,False,2020-09-01 01:40:17,R_QaWZUnCTNZnkPjr,,,,,,,anonymous,EN,,,,,,,,,,,,,,,,,,,,,,,,,,,,,,,,,,,,,,,,,,,,,,,,,,,,,,,,,,,,,,,,,,,,,,,,,,,,,,,,,,
2020-08-25 01:50:34,2020-08-25 01:51:19,IP Address,219.78.160.30,4,44,False,2020-09-01 01:51:36,R_3qsobNf8kYinZGX,,,,,,,anonymous,EN,,,,,,,,,,,,,,,,,,,,,,,,,,,,,,,,,,,,,,,,,,,,,,,,,,,,,,,,,,,,,,,,,,,,,,,,,,,,,,,,,,
2020-08-25 01:51:20,2020-08-25 01:51:24,IP Address,221.127.62.170,4,4,False,2020-09-01 01:51:36,R_1jAJVnrM1GuMshb,,,,,,,anonymous,EN,,,,,,,,,,,,,,,,,,,,,,,,,,,,,,,,,,,,,,,,,,,,,,,,,,,,,,,,,,,,,,,,,,,,,,,,,,,,,,,,,,
2020-08-25 05:07:07,2020-08-25 05:07:08,IP Address,112.119.134.45,4,1,False,2020-09-01 05:07:14,R_3qaQIiSTkRY4g6M,,,,,,,anonymous,EN,,,,,,,,,,,,,,,,,,,,,,,,,,,,,,,,,,,,,,,,,,,,,,,,,,,,,,,,,,,,,,,,,,,,,,,,,,,,,,,,,,
2020-08-25 07:06:33,2020-08-25 07:06:45,IP Address,113.255.215.47,4,12,False,2020-09-01 07:06:58,R_egSbjWNM7RLFSQV,,,,,,,anonymous,EN,,,,,,,,,,,,,,,,,,,,,,,,,,,,,,,,,,,,,,,,,,,,,,,,,,,,,,,,,,,,,,,,,,,,,,,,,,,,,,,,,,
2020-08-25 07:26:11,2020-08-25 07:26:17,IP Address,14.0.227.173,4,6,False,2020-09-01 07:26:23,R_3lDm0fFFKeqhVeM,,,,,,,anonymous,EN,,,,,,,,,,,,,,,,,,,,,,,,,,,,,,,,,,,,,,,,,,,,,,,,,,,,,,,,,,,,,,,,,,,,,,,,,,,,,,,,,,
2020-08-25 07:26:19,2020-08-25 07:28:31,IP Address,14.198.72.214,36,132,False,2020-09-01 07:28:32,R_2YKCFLHljbWVtJ8,,,,,,,anonymous,EN,非常同意,非常同意,非常同意,同意,不同意,非常同意,非常同意,同意,非常同意,非常同意,非常同意,同意,非常同意,非常同意,非常同意,中立,非常同意,同意,同意,非常同意,非常同意,非常同意,非常同意,非常同意,非常同意,非常同意,非常同意,同意,4-5次,同意,同意,非常同意,非常同意,非常同意,有,,,,,,,,,,,,,,,,,,,,,,,,,,,,,,,,,,,,,,,,,,,,,,,
2020-08-25 10:36:56,2020-08-25 10:36:59,IP Address,58.152.252.131,4,2,False,2020-09-01 10:37:11,R_2AFtClIDiAtQoX2,,,,,,,anonymous,EN,,,,,,,,,,,,,,,,,,,,,,,,,,,,,,,,,,,,,,,,,,,,,,,,,,,,,,,,,,,,,,,,,,,,,,,,,,,,,,,,,,
2020-08-25 20:54:48,2020-08-25 20:56:09,IP Address,14.0.164.237,39,81,False,2020-09-01 20:56:30,R_1M591ZgKdcfoZQ1,,,,,,,anonymous,EN,非常同意,非常同意,非常同意,非常同意,非常同意,非常同意,非常同意,非常同意,非常同意,非常同意,非常同意,非常同意,非常同意,非常同意,非常同意,非常同意,非常同意,非常同意,非常同意,非常同意,非常同意,非常同意,非常同意,非常同意,非常同意,非常同意,非常同意,非常同意,0次,非常同意,非常同意,非常同意,非常同意,非常同意,有,從不,幾乎每個帖子都會表達反應／留言／分享一次,從不,,,,,,,,,,,,,,,,,,,,,,,,,,,,,,,,,,,,,,,,,,,,
2020-08-25 20:56:28,2020-08-25 20:56:31,IP Address,14.0.164.237,4,2,False,2020-09-01 20:56:31,R_1LS8tuUftpsT4pa,,,,,,,anonymous,EN,,,,,,,,,,,,,,,,,,,,,,,,,,,,,,,,,,,,,,,,,,,,,,,,,,,,,,,,,,,,,,,,,,,,,,,,,,,,,,,,,,
2020-08-26 10:09:33,2020-08-26 10:11:14,IP Address,168.70.47.58,21,100,False,2020-09-02 10:11:32,R_21FlfopNtzQf6HC,,,,,,,anonymous,EN,同意,同意,同意,中立,同意,同意,同意,同意,同意,同意,同意,中立,同意,同意,同意,中立,同意,中立,中立,同意,同意,同意,同意,,,,,,,,,,,,,,,,,,,,,,,,,,,,,,,,,,,,,,,,,,,,,,,,,,,,,,,,,,,
2020-08-26 22:55:15,2020-08-26 22:55:20,IP Address,14.199.38.61,4,4,False,2020-09-02 22:55:47,R_1f9sTUBVeZcW3jR,,,,,,,anonymous,EN,,,,,,,,,,,,,,,,,,,,,,,,,,,,,,,,,,,,,,,,,,,,,,,,,,,,,,,,,,,,,,,,,,,,,,,,,,,,,,,,,,
2020-08-26 23:13:30,2020-08-26 23:13:33,IP Address,218.252.118.39,4,3,False,2020-09-02 23:13:52,R_2CJpQkltroldK8W,,,,,,,anonymous,EN,,,,,,,,,,,,,,,,,,,,,,,,,,,,,,,,,,,,,,,,,,,,,,,,,,,,,,,,,,,,,,,,,,,,,,,,,,,,,,,,,,
2020-08-26 23:19:40,2020-08-26 23:19:55,IP Address,182.239.90.210,4,15,False,2020-09-02 23:20:04,R_3dJGur0W0lK6F1V,,,,,,,anonymous,EN,,,,,,,,,,,,,,,,,,,,,,,,,,,,,,,,,,,,,,,,,,,,,,,,,,,,,,,,,,,,,,,,,,,,,,,,,,,,,,,,,,
2020-08-27 01:29:20,2020-08-27 01:29:25,IP Address,14.198.74.232,4,5,False,2020-09-03 01:29:45,R_3lEzonxFPmvdf4N,,,,,,,anonymous,EN,,,,,,,,,,,,,,,,,,,,,,,,,,,,,,,,,,,,,,,,,,,,,,,,,,,,,,,,,,,,,,,,,,,,,,,,,,,,,,,,,,
2020-08-27 07:31:01,2020-08-27 07:31:05,IP Address,59.149.149.87,4,3,False,2020-09-03 07:31:36,R_3GdK0dArD6tpErC,,,,,,,anonymous,EN,,,,,,,,,,,,,,,,,,,,,,,,,,,,,,,,,,,,,,,,,,,,,,,,,,,,,,,,,,,,,,,,,,,,,,,,,,,,,,,,,,
2020-08-27 08:52:33,2020-08-27 08:52:38,IP Address,59.149.124.25,4,4,False,2020-09-03 08:52:38,R_1JR3Yd53gwfhO6n,,,,,,,anonymous,EN,,,,,,,,,,,,,,,,,,,,,,,,,,,,,,,,,,,,,,,,,,,,,,,,,,,,,,,,,,,,,,,,,,,,,,,,,,,,,,,,,,
2020-08-27 09:13:56,2020-08-27 09:14:05,Spam,59.149.124.25,4,9,False,2020-09-03 09:14:06,R_3lWeIMDeascej3U,,,,,,,anonymous,EN,,,,,,,,,,,,,,,,,,,,,,,,,,,,,,,,,,,,,,,,,,,,,,,,,,,,,,,,,,,,,,,,,,,,,,,,,,,,,,,,,,
2020-08-27 08:51:16,2020-08-27 09:57:26,IP Address,137.189.202.24,4,3970,False,2020-09-03 09:58:05,R_2Xp8PmYdeTTcxy9,,,,,,,anonymous,EN,,,,,,,,,,,,,,,,,,,,,,,,,,,,,,,,,,,,,,,,,,,,,,,,,,,,,,,,,,,,,,,,,,,,,,,,,,,,,,,,,,
2020-08-29 08:00:29,2020-08-29 08:03:08,IP Address,168.70.113.227,4,158,False,2020-09-05 08:03:47,R_2s4NjFMswm0gPi1,,,,,,,anonymous,EN,,,,,,,,,,,,,,,,,,,,,,,,,,,,,,,,,,,,,,,,,,,,,,,,,,,,,,,,,,,,,,,,,,,,,,,,,,,,,,,,,,
2020-09-09 11:30:03,2020-09-09 11:41:04,IP Address,61.18.214.177,100,661,True,2020-09-09 11:41:05,R_SZEtLvpqDbs7jGh,,,,,22.25,114.149993896484375,anonymous,EN,同意,同意,同意,非常同意,同意,中立,同意,中立,中立,非常同意,同意,中立,非常同意,同意,同意,同意,非常同意,中立,同意,同意,中立,中立,中立,非常同意,非常同意,中立,同意,同意,6-7次,同意,不同意,同意,中立,同意,沒有,,,,每日1小時內,每日1小時內,每日3-4小時,每日4小時以上,沒有,,,,,,,,,,,,,,,,,,,,,,,,,中立,中立,中立,中立,中立,中立,中立,不信任,中立,中立,女,22,工程學院,Year 5,學士
2020-09-10 04:23:35,2020-09-10 04:28:28,IP Address,45.64.241.106,100,292,True,2020-09-10 04:28:28,R_3J7NLlqyPnLpxwN,,,,,22.2794952392578125,114.14599609375,anonymous,EN,同意,同意,同意,同意,同意,同意,同意,同意,同意,同意,同意,同意,同意,同意,同意,中立,同意,同意,同意,同意,同意,同意,同意,同意,同意,同意,同意,同意,1-3次,同意,同意,同意,同意,同意,有,每10至30個帖子會表達反應／留言／分享一次,每30個以上帖子表達反應／留言／分享一次,從不,從不,從不,每日3-4小時,每日1-2小時,有,每日1-2小時,每日1小時內,每日1小時內,每日1小時內,從不,有,每10至30個帖子會表達反應／留言／分享一次,每30個以上帖子表達反應／留言／分享一次,從不,每30個以上帖子表達反應／留言／分享一次,有,每10至30個帖子會表達反應／留言／分享一次,每30個以上帖子表達反應／留言／分享一次,從不,每30個以上帖子表達反應／留言／分享一次,有,每30個以上帖子表達反應／留言／分享一次,從不,從不,從不,每30個以上帖子表達反應／留言／分享一次,從不,從不,從不,中立,中立,中立,中立,中立,中立,中立,中立,信任,中立,女,20,社會科學院,Year 4,學士
2020-09-10 05:47:51,2020-09-10 05:51:06,IP Address,42.2.154.2,100,194,True,2020-09-10 05:51:06,R_3npJL6dH3ANVeqa,,,,,22.2794952392578125,114.14599609375,anonymous,EN,同意,同意,非常同意,中立,同意,同意,中立,同意,同意,同意,同意,中立,同意,同意,同意,同意,非常同意,同意,中立,同意,同意,同意,同意,同意,非常同意,中立,不同意,同意,1-3次,不同意,同意,中立,同意,同意,有,每10至30個帖子會表達反應／留言／分享一次,每30個以上帖子表達反應／留言／分享一次,從不,每日1小時內,從不,每日1-2小時,每日1小時內,有,每日1-2小時,每日1-2小時,每日1小時內,每日1小時內,每日1小時內,有,每10至30個帖子會表達反應／留言／分享一次,每30個以上帖子表達反應／留言／分享一次,從不,從不,有,每10至30個帖子會表達反應／留言／分享一次,每10至30個帖子會表達反應／留言／分享一次,從不,從不,沒有,,,,,從不,從不,從不,從不,信任,信任,信任,信任,信任,信任,信任,信任,信任,中立,女,19,法學院,Year 2,學士
2020-09-10 05:49:14,2020-09-10 05:55:26,IP Address,49.130.32.62,100,372,True,2020-09-10 05:55:27,R_12zlsULEW5pg3D7,,,,,22.2794952392578125,114.14599609375,anonymous,EN,同意,非常同意,同意,中立,不同意,非常同意,不同意,同意,不同意,同意,同意,不同意,非常同意,同意,同意,非常同意,同意,中立,不同意,非常同意,同意,同意,同意,同意,非常同意,中立,同意,不同意,1-3次,不同意,不同意,同意,同意,同意,有,每10至30個帖子會表達反應／留言／分享一次,每30個以上帖子表達反應／留言／分享一次,從不,從不,從不,每日1小時內,每日3-4小時,有,每日1-2小時,每日3-4小時,從不,從不,每日1-2小時,有,每5至10個帖子會表達反應／留言／分享一次,每30個以上帖子表達反應／留言／分享一次,從不,每30個以上帖子表達反應／留言／分享一次,有,每5至10個帖子會表達反應／留言／分享一次,每30個以上帖子表達反應／留言／分享一次,從不,每30個以上帖子表達反應／留言／分享一次,沒有,,,,,每30個以上帖子表達反應／留言／分享一次,每30個以上帖子表達反應／留言／分享一次,從不,每30個以上帖子表達反應／留言／分享一次,信任,不信任,不信任,信任,不信任,信任,信任,信任,信任,中立,女,20,文學院,Year 3,學士
2020-09-10 05:53:03,2020-09-10 06:01:29,IP Address,14.0.228.163,100,505,True,2020-09-10 06:01:29,R_1K3eGgtzliWMoLj,,,,,22.2794952392578125,114.14599609375,anonymous,EN,非常同意,非常同意,非常同意,不同意,同意,非常同意,中立,同意,不同意,同意,中立,不同意,非常同意,非常同意,非常同意,非常同意,非常同意,非常不同意,非常不同意,非常同意,非常同意,中立,不同意,非常同意,非常同意,非常不同意,非常不同意,非常不同意,7次以上,不同意,非常不同意,非常同意,非常不同意,非常同意,沒有,,,,從不,每日1小時內,從不,每日3-4小時,沒有,,,,,,,,,,,,,,,,,,,,,,,,,中立,不信任,中立,中立,中立,不信任,不信任,非常不信任,信任,信任,女,20,社會科學院,Year 3,學士
2020-09-10 05:57:02,2020-09-10 06:04:55,IP Address,14.0.236.108,100,472,True,2020-09-10 06:04:55,R_0q5wH73DKyC02u5,,,,,22.2794952392578125,114.14599609375,anonymous,EN,中立,同意,中立,中立,中立,不同意,非常同意,同意,不同意,中立,中立,不同意,同意,非常同意,中立,不同意,中立,同意,中立,中立,同意,同意,中立,同意,同意,非常同意,同意,中立,7次以上,中立,中立,中立,同意,中立,有,從不,從不,從不,從不,每日1小時內,每日1小時內,每日1小時內,沒有,,,,,,,,,,,,,,,,,,,,,,,,,中立,不信任,中立,中立,中立,中立,中立,非常不信任,信任,不信任,男,19,理學院,Year 3,學士
2020-09-10 06:06:02,2020-09-10 06:13:56,IP Address,14.0.172.79,100,474,True,2020-09-10 06:13:57,R_3qkUJGdWpcIbsul,,,,,22.2794952392578125,114.14599609375,anonymous,EN,同意,同意,同意,中立,不同意,同意,不同意,非常同意,中立,同意,同意,中立,非常同意,非常同意,非常同意,非常同意,非常同意,非常同意,非常同意,非常同意,同意,中立,同意,非常同意,同意,中立,同意,中立,1-3次,同意,非常同意,同意,同意,非常同意,沒有,,,,每日1-2小時,每日1小時內,從不,每日1小時內,有,每日1小時內,從不,從不,從不,每日1小時內,有,從不,從不,從不,從不,有,從不,從不,從不,從不,沒有,,,,,從不,從不,從不,從不,信任,不信任,信任,信任,不信任,信任,信任,中立,中立,中立,女,19,社會科學院,Year 3,學士
2020-09-10 06:16:19,2020-09-10 06:20:22,IP Address,182.239.88.173,100,243,True,2020-09-10 06:20:22,R_1FJn6h3oKqK6g43,,,,,22.2794952392578125,114.14599609375,anonymous,EN,同意,同意,同意,非常同意,中立,非常同意,中立,同意,同意,同意,同意,非常同意,同意,同意,同意,同意,同意,同意,同意,同意,同意,非常同意,非常同意,非常同意,非常同意,中立,中立,中立,1-3次,中立,同意,同意,非常同意,非常同意,有,從不,每5至10個帖子會表達反應／留言／分享一次,從不,每日1小時內,從不,每日1小時內,每日1小時內,有,每日1小時內,每日1小時內,從不,從不,從不,有,每5至10個帖子會表達反應／留言／分享一次,從不,從不,從不,有,每5至10個帖子會表達反應／留言／分享一次,每10至30個帖子會表達反應／留言／分享一次,從不,從不,沒有,,,,,從不,從不,從不,從不,信任,中立,中立,信任,信任,信任,信任,不信任,信任,中立,女,20,文學院,Year 3,學士
2020-09-10 06:34:24,2020-09-10 06:37:21,IP Address,110.235.47.206,100,176,True,2020-09-10 06:37:21,R_3Dw0dkeqF5iGl77,,,,,22.2794952392578125,114.14599609375,anonymous,EN,非常同意,非常同意,非常同意,非常同意,非常同意,非常同意,非常同意,非常同意,非常同意,同意,非常同意,同意,同意,同意,非常同意,非常同意,中立,非常同意,非常同意,同意,同意,同意,同意,同意,同意,同意,中立,同意,1-3次,非常同意,同意,非常同意,非常同意,非常同意,有,從不,從不,從不,從不,從不,從不,每日3-4小時,有,每日1-2小時,每日1小時內,從不,每日1-2小時,每日1-2小時,有,從不,從不,從不,從不,有,從不,從不,從不,從不,沒有,,,,,從不,從不,從不,從不,中立,不信任,信任,信任,信任,中立,信任,不信任,信任,中立,女,20,工程學院,Year 2,學士
2020-09-11 03:03:06,2020-09-11 03:07:03,IP Address,61.238.107.33,100,237,True,2020-09-11 03:07:03,R_BMo8iEVJCAy0XRf,,,,,22.2794952392578125,114.14599609375,anonymous,EN,同意,同意,同意,中立,中立,同意,中立,中立,中立,不同意,不同意,不同意,同意,同意,同意,同意,同意,中立,不同意,同意,同意,同意,同意,同意,同意,中立,中立,同意,1-3次,中立,中立,同意,非常同意,同意,有,每30個以上帖子表達反應／留言／分享一次,每30個以上帖子表達反應／留言／分享一次,從不,從不,從不,每日4小時以上,每日3-4小時,有,每日3-4小時,每日3-4小時,從不,從不,從不,有,每10至30個帖子會表達反應／留言／分享一次,每30個以上帖子表達反應／留言／分享一次,從不,從不,有,每10至30個帖子會表達反應／留言／分享一次,每30個以上帖子表達反應／留言／分享一次,每30個以上帖子表達反應／留言／分享一次,從不,沒有,,,,,從不,從不,從不,從不,信任,中立,中立,信任,信任,信任,信任,不信任,信任,中立,女,21,商學院,Year 4,學士
2020-09-11 06:44:31,2020-09-11 06:48:37,IP Address,123.202.65.84,100,246,True,2020-09-11 06:48:38,R_3MQbRFuNcsUpFRG,,,,,22.3166961669921875,114.18328857421875,anonymous,EN,同意,同意,同意,不同意,同意,同意,同意,同意,同意,同意,同意,同意,非常同意,非常同意,非常同意,非常同意,非常同意,非常同意,非常同意,同意,同意,中立,不同意,非常同意,非常同意,非常同意,不同意,同意,4-5次,不同意,同意,同意,非常同意,非常同意,有,從不,從不,從不,從不,從不,從不,每日1-2小時,有,每日1-2小時,每日1小時內,每日1小時內,每日1小時內,從不,有,從不,從不,從不,每30個以上帖子表達反應／留言／分享一次,有,從不,從不,從不,從不,有,從不,從不,從不,從不,從不,從不,從不,從不,中立,中立,中立,中立,中立,中立,中立,中立,信任,中立,男,21,理學院,Year 4,學士
2020-09-11 06:54:39,2020-09-11 06:57:57,IP Address,182.239.85.222,100,197,True,2020-09-11 06:57:57,R_8uClwYOWOtcydDX,,,,,22.2794952392578125,114.14599609375,anonymous,EN,同意,同意,同意,中立,同意,同意,非常同意,同意,中立,中立,中立,中立,非常同意,同意,非常同意,中立,非常同意,同意,同意,同意,同意,中立,中立,非常同意,非常同意,同意,中立,同意,4-5次,中立,中立,非常同意,同意,中立,有,從不,從不,從不,從不,從不,每日1小時內,每日1-2小時,沒有,,,,,,,,,,,,,,,,,,,,,,,,,中立,信任,中立,中立,中立,中立,中立,中立,信任,中立,男,21,理學院,Year 4,學士
2020-09-10 05:41:23,2020-09-10 05:42:19,IP Address,183.179.232.153,21,55,False,2020-09-17 05:42:39,R_1pyufctuaPhrKiW,,,,,,,anonymous,EN,同意,同意,同意,同意,中立,同意,中立,中立,同意,中立,同意,同意,同意,同意,同意,中立,非常同意,同意,中立,同意,同意,同意,中立,,,,,,,,,,,,,,,,,,,,,,,,,,,,,,,,,,,,,,,,,,,,,,,,,,,,,,,,,,,
2020-09-10 05:52:56,2020-09-10 05:53:03,IP Address,42.2.88.207,4,7,False,2020-09-17 05:53:25,R_1rqdLc5OYs7pz0Z,,,,,,,anonymous,EN,,,,,,,,,,,,,,,,,,,,,,,,,,,,,,,,,,,,,,,,,,,,,,,,,,,,,,,,,,,,,,,,,,,,,,,,,,,,,,,,,,
2020-09-11 02:56:33,2020-09-11 03:00:48,IP Address,219.73.67.173,21,254,False,2020-09-18 03:00:49,R_31GCFVxmcASJWjN,,,,,,,anonymous,EN,非常同意,同意,同意,中立,同意,中立,同意,同意,中立,同意,同意,同意,同意,非常同意,同意,不同意,同意,同意,同意,同意,同意,同意,中立,,,,,,,,,,,,,,,,,,,,,,,,,,,,,,,,,,,,,,,,,,,,,,,,,,,,,,,,,,,
2020-09-25 02:52:01,2020-09-25 03:02:51,IP Address,112.119.95.242,100,650,True,2020-09-25 03:02:52,R_XXooGCWjIyg2igp,,,,,22.2794952392578125,114.14599609375,anonymous,EN,同意,同意,同意,同意,中立,同意,中立,同意,同意,中立,同意,同意,同意,同意,中立,中立,同意,中立,不同意,中立,同意,同意,中立,同意,中立,同意,同意,不同意,4-5次,中立,同意,非常同意,同意,同意,有,每10至30個帖子會表達反應／留言／分享一次,每10至30個帖子會表達反應／留言／分享一次,從不,從不,每日1小時內,每日1小時內,每日1小時內,有,每日3-4小時,每日1小時內,從不,每日1小時內,從不,有,每10至30個帖子會表達反應／留言／分享一次,每5至10個帖子會表達反應／留言／分享一次,從不,每10至30個帖子會表達反應／留言／分享一次,有,每10至30個帖子會表達反應／留言／分享一次,每5至10個帖子會表達反應／留言／分享一次,從不,每10至30個帖子會表達反應／留言／分享一次,沒有,,,,,每30個以上帖子表達反應／留言／分享一次,每30個以上帖子表達反應／留言／分享一次,從不,從不,信任,信任,信任,中立,中立,信任,中立,不信任,非常信任,中立,女,20,社會科學院,Year 3,學士
2020-09-25 03:17:26,2020-09-25 03:22:55,IP Address,124.217.189.166,100,328,True,2020-09-25 03:22:55,R_9sh8NC4WKCzR7oZ,,,,,22.2794952392578125,114.14599609375,anonymous,EN,同意,同意,同意,同意,同意,同意,同意,同意,同意,同意,同意,中立,同意,同意,同意,同意,非常同意,同意,中立,同意,同意,同意,同意,非常同意,非常同意,非常同意,非常同意,同意,1-3次,同意,中立,同意,同意,同意,有,每30個以上帖子表達反應／留言／分享一次,每30個以上帖子表達反應／留言／分享一次,每30個以上帖子表達反應／留言／分享一次,從不,每日1小時內,每日1小時內,每日1小時內,沒有,,,,,,,,,,,,,,,,,,,,,,,,,中立,中立,信任,信任,信任,信任,信任,信任,信任,信任,男,22,社會科學院,Year 4,學士
2020-09-25 03:21:16,2020-09-25 03:26:34,IP Address,219.78.184.155,100,317,True,2020-09-25 03:26:34,R_1pMe8sOPPTp0yQY,,,,,22.2794952392578125,114.14599609375,anonymous,EN,非常同意,非常同意,非常同意,同意,同意,同意,中立,中立,同意,同意,同意,中立,中立,非常同意,同意,同意,同意,中立,不同意,同意,同意,同意,同意,同意,同意,同意,中立,中立,1-3次,同意,同意,非常同意,非常同意,非常同意,有,每30個以上帖子表達反應／留言／分享一次,從不,從不,每日1小時內,每日1小時內,每日1小時內,每日1-2小時,有,每日1-2小時,每日1-2小時,從不,從不,從不,有,每30個以上帖子表達反應／留言／分享一次,每30個以上帖子表達反應／留言／分享一次,每30個以上帖子表達反應／留言／分享一次,每30個以上帖子表達反應／留言／分享一次,有,每30個以上帖子表達反應／留言／分享一次,每30個以上帖子表達反應／留言／分享一次,每30個以上帖子表達反應／留言／分享一次,每30個以上帖子表達反應／留言／分享一次,有,從不,從不,從不,從不,每30個以上帖子表達反應／留言／分享一次,每30個以上帖子表達反應／留言／分享一次,每30個以上帖子表達反應／留言／分享一次,每30個以上帖子表達反應／留言／分享一次,中立,中立,信任,信任,中立,信任,信任,信任,信任,信任,女,22,社會科學院,Year 4,學士
2020-09-25 03:25:30,2020-09-25 03:41:43,IP Address,112.119.95.242,100,973,True,2020-09-25 03:41:44,R_2P7taHfBjPsalga,,,,,22.2794952392578125,114.14599609375,anonymous,EN,同意,同意,同意,中立,同意,中立,中立,同意,不同意,同意,同意,不同意,同意,同意,同意,中立,同意,中立,不同意,同意,中立,同意,中立,非常同意,同意,同意,中立,同意,1-3次,中立,同意,同意,同意,同意,有,每10至30個帖子會表達反應／留言／分享一次,每10至30個帖子會表達反應／留言／分享一次,從不,從不,從不,從不,每日1小時內,有,每日1-2小時,從不,每日1-2小時,每日1小時內,從不,有,每10至30個帖子會表達反應／留言／分享一次,每10至30個帖子會表達反應／留言／分享一次,從不,從不,有,每10至30個帖子會表達反應／留言／分享一次,每10至30個帖子會表達反應／留言／分享一次,從不,從不,沒有,,,,,每30個以上帖子表達反應／留言／分享一次,每30個以上帖子表達反應／留言／分享一次,從不,從不,中立,中立,中立,中立,中立,中立,中立,不信任,非常信任,信任,女,20,文學院,Year 2,學士
2020-09-25 04:38:24,2020-09-25 04:41:23,IP Address,14.0.224.114,100,178,True,2020-09-25 04:41:23,R_31mCTNKTpdGiP65,,,,,22.2794952392578125,114.14599609375,anonymous,EN,同意,同意,同意,同意,同意,同意,同意,同意,中立,同意,同意,同意,同意,同意,同意,中立,同意,中立,中立,同意,同意,同意,中立,同意,同意,同意,中立,中立,1-3次,同意,同意,中立,中立,同意,沒有,,,,每日1小時內,每日1小時內,每日1小時內,每日1小時內,沒有,,,,,,,,,,,,,,,,,,,,,,,,,中立,中立,中立,中立,中立,中立,中立,中立,信任,信任,女,25,社會科學院,Year 4,學士
2020-09-25 04:54:10,2020-09-25 04:59:42,IP Address,119.236.242.120,100,332,True,2020-09-25 04:59:43,R_2YS0Z1KMQQiJLc4,,,,,22.3166961669921875,114.16668701171875,anonymous,EN,非常同意,非常同意,非常同意,非常同意,中立,同意,同意,同意,同意,同意,同意,中立,非常同意,非常同意,同意,同意,非常同意,同意,不同意,非常同意,同意,同意,中立,非常同意,非常同意,同意,同意,中立,1-3次,非常同意,同意,非常同意,非常同意,非常同意,沒有,,,,從不,從不,每日1小時內,每日1小時內,有,每日1小時內,每日1小時內,每日1小時內,從不,從不,有,幾乎每個帖子都會表達反應／留言／分享一次,每5至10個帖子會表達反應／留言／分享一次,每30個以上帖子表達反應／留言／分享一次,每30個以上帖子表達反應／留言／分享一次,有,每5至10個帖子會表達反應／留言／分享一次,每5至10個帖子會表達反應／留言／分享一次,每30個以上帖子表達反應／留言／分享一次,每30個以上帖子表達反應／留言／分享一次,沒有,,,,,從不,從不,從不,從不,信任,信任,信任,信任,中立,信任,信任,不信任,信任,信任,女,19,文學院,Year 1,學士
2020-09-25 06:03:01,2020-09-25 06:08:08,IP Address,14.0.169.133,100,307,True,2020-09-25 06:08:08,R_1QyAThW5fnDCzTV,,,,,22.2794952392578125,114.14599609375,anonymous,EN,同意,同意,同意,同意,中立,中立,中立,同意,中立,同意,同意,不同意,同意,同意,中立,中立,同意,同意,中立,中立,同意,中立,中立,非常同意,同意,同意,中立,不同意,4-5次,中立,中立,同意,同意,非常同意,有,每30個以上帖子表達反應／留言／分享一次,每30個以上帖子表達反應／留言／分享一次,從不,從不,從不,每日1小時內,每日1小時內,有,每日1-2小時,每日1小時內,每日1小時內,每日1小時內,從不,有,每10至30個帖子會表達反應／留言／分享一次,每10至30個帖子會表達反應／留言／分享一次,從不,每30個以上帖子表達反應／留言／分享一次,有,每30個以上帖子表達反應／留言／分享一次,每30個以上帖子表達反應／留言／分享一次,從不,每30個以上帖子表達反應／留言／分享一次,沒有,,,,,每30個以上帖子表達反應／留言／分享一次,從不,從不,從不,信任,信任,信任,信任,中立,信任,信任,中立,非常信任,中立,男,21,社會科學院,Year 4,學士
2020-09-25 06:08:19,2020-09-25 06:13:11,IP Address,14.0.169.133,100,292,True,2020-09-25 06:13:11,R_2xQ9PxP7qHtZ6jX,,,,,22.2794952392578125,114.14599609375,anonymous,EN,同意,非常同意,同意,同意,中立,中立,中立,同意,中立,同意,同意,不同意,同意,同意,中立,中立,同意,中立,不同意,中立,同意,同意,中立,同意,同意,同意,中立,不同意,4-5次,中立,不同意,同意,同意,同意,沒有,,,,從不,從不,每日1小時內,從不,有,每日1小時內,從不,從不,每日1小時內,從不,有,每30個以上帖子表達反應／留言／分享一次,每30個以上帖子表達反應／留言／分享一次,從不,從不,有,每30個以上帖子表達反應／留言／分享一次,每30個以上帖子表達反應／留言／分享一次,從不,從不,沒有,,,,,每30個以上帖子表達反應／留言／分享一次,從不,從不,每30個以上帖子表達反應／留言／分享一次,信任,信任,信任,信任,中立,信任,信任,不信任,信任,中立,男,20,工程學院,Year 3,學士
2020-09-26 01:28:58,2020-09-26 01:32:57,IP Address,112.118.10.82,100,239,True,2020-09-26 01:32:57,R_DAIJMqc17B9DyAV,,,,,22.3166961669921875,114.18328857421875,anonymous,EN,非常同意,同意,同意,同意,中立,非常同意,非常同意,非常同意,同意,非常同意,非常同意,中立,同意,非常同意,非常同意,非常同意,非常同意,非常同意,非常同意,非常同意,非常同意,非常同意,非常同意,非常同意,同意,同意,非常同意,非常同意,1-3次,中立,中立,同意,同意,同意,有,每30個以上帖子表達反應／留言／分享一次,從不,從不,每日1-2小時,每日1小時內,每日1小時內,每日1小時內,有,每日1小時內,每日1-2小時,每日1小時內,從不,從不,有,每30個以上帖子表達反應／留言／分享一次,每30個以上帖子表達反應／留言／分享一次,從不,每10至30個帖子會表達反應／留言／分享一次,有,每10至30個帖子會表達反應／留言／分享一次,每30個以上帖子表達反應／留言／分享一次,從不,從不,沒有,,,,,從不,從不,從不,從不,不信任,不信任,不信任,中立,中立,中立,中立,非常不信任,中立,中立,女,20,醫學院,Year 4,學士
2020-09-25 05:53:40,2020-09-26 07:23:07,IP Address,119.246.235.207,100,91766,True,2020-09-26 07:23:07,R_3oTLaMdiXTgv8l4,,,,,22.2794952392578125,114.14599609375,anonymous,EN,同意,同意,同意,中立,中立,中立,中立,同意,中立,同意,中立,中立,同意,同意,同意,同意,同意,中立,中立,同意,同意,同意,同意,同意,同意,中立,同意,中立,1-3次,中立,中立,中立,中立,中立,沒有,,,,從不,從不,每日1小時內,每日1小時內,有,從不,每日1小時內,每日1小時內,從不,從不,沒有,,,,,沒有,,,,,沒有,,,,,從不,從不,從不,從不,中立,中立,中立,中立,中立,中立,中立,中立,中立,中立,不透露,20,社會科學院,Year 3,學士
2020-09-27 00:16:30,2020-09-27 00:23:25,IP Address,14.0.153.42,100,414,True,2020-09-27 00:23:25,R_24cHkIr1TNmCf1m,,,,,22.2794952392578125,114.14599609375,anonymous,EN,同意,同意,同意,同意,同意,中立,同意,中立,同意,中立,同意,同意,同意,同意,同意,同意,同意,同意,中立,非常同意,同意,非常同意,同意,同意,中立,同意,中立,同意,1-3次,不同意,不同意,中立,中立,中立,有,每30個以上帖子表達反應／留言／分享一次,每30個以上帖子表達反應／留言／分享一次,從不,從不,從不,每日1小時內,每日1-2小時,有,每日3-4小時,每日3-4小時,每日4小時以上,從不,從不,有,每10至30個帖子會表達反應／留言／分享一次,每5至10個帖子會表達反應／留言／分享一次,從不,每10至30個帖子會表達反應／留言／分享一次,有,每10至30個帖子會表達反應／留言／分享一次,每5至10個帖子會表達反應／留言／分享一次,從不,從不,沒有,,,,,從不,從不,從不,從不,信任,不信任,中立,信任,信任,中立,信任,非常不信任,信任,信任,女,20,文學院,Year 3,學士
2020-09-25 02:57:49,2020-09-25 02:57:59,IP Address,103.247.140.162,4,10,False,2020-10-02 02:58:06,R_2PzEBNXXaNOw1hp,,,,,,,anonymous,EN,,,,,,,,,,,,,,,,,,,,,,,,,,,,,,,,,,,,,,,,,,,,,,,,,,,,,,,,,,,,,,,,,,,,,,,,,,,,,,,,,,
2020-09-25 02:59:44,2020-09-25 02:59:59,Spam,103.247.140.162,4,14,False,2020-10-02 03:00:00,R_5AWiGWrIm1k8He1,,,,,,,anonymous,EN,,,,,,,,,,,,,,,,,,,,,,,,,,,,,,,,,,,,,,,,,,,,,,,,,,,,,,,,,,,,,,,,,,,,,,,,,,,,,,,,,,
2020-09-25 05:55:22,2020-09-25 05:55:24,IP Address,202.77.31.158,4,2,False,2020-10-02 05:55:50,R_z7PMfBv6LJW2iit,,,,,,,anonymous,EN,,,,,,,,,,,,,,,,,,,,,,,,,,,,,,,,,,,,,,,,,,,,,,,,,,,,,,,,,,,,,,,,,,,,,,,,,,,,,,,,,,
2020-09-25 03:43:01,2020-09-25 06:16:06,IP Address,219.76.26.29,82,9184,False,2020-10-02 06:16:30,R_2bJMTRyQ2EGuPwc,,,,,,,anonymous,EN,同意,同意,同意,中立,中立,同意,中立,中立,中立,中立,同意,中立,非常同意,非常同意,中立,中立,同意,中立,同意,同意,同意,中立,中立,同意,同意,中立,中立,中立,0次,不同意,不同意,同意,同意,中立,沒有,,,,從不,每日1-2小時,每日1小時內,從不,沒有,,,,,,,,,,,,,,,,,,,,,,,,,中立,中立,信任,中立,中立,中立,中立,中立,中立,中立,,,,,
2020-09-25 07:23:38,2020-09-25 07:24:03,IP Address,58.153.18.251,4,24,False,2020-10-02 07:24:44,R_1JJCUrCM5tSMg9j,,,,,,,anonymous,EN,,,,,,,,,,,,,,,,,,,,,,,,,,,,,,,,,,,,,,,,,,,,,,,,,,,,,,,,,,,,,,,,,,,,,,,,,,,,,,,,,,
2020-09-26 06:03:00,2020-09-26 06:03:07,IP Address,14.0.155.209,4,7,False,2020-10-03 06:03:21,R_08mVT7WcT2aw3y9,,,,,,,anonymous,EN,,,,,,,,,,,,,,,,,,,,,,,,,,,,,,,,,,,,,,,,,,,,,,,,,,,,,,,,,,,,,,,,,,,,,,,,,,,,,,,,,,
2020-10-05 10:36:28,2020-10-05 10:38:51,IP Address,14.198.147.78,100,143,True,2020-10-05 10:38:51,R_3Eb4LOQ8oED8or8,,,,,22.2794952392578125,114.14599609375,anonymous,EN,同意,同意,同意,中立,同意,同意,中立,同意,中立,同意,同意,同意,同意,同意,同意,同意,同意,中立,中立,同意,同意,同意,同意,中立,同意,同意,同意,中立,1-3次,不同意,中立,中立,中立,中立,沒有,,,,從不,從不,每日1小時內,每日1小時內,沒有,,,,,,,,,,,,,,,,,,,,,,,,,中立,中立,中立,中立,中立,中立,中立,中立,中立,中立,女,21,商學院,Year 3,學士
2020-09-29 04:48:39,2020-09-29 04:48:42,IP Address,218.103.166.183,4,3,False,2020-10-06 04:48:47,R_1rJPtTrgeGIlrcI,,,,,,,anonymous,EN,,,,,,,,,,,,,,,,,,,,,,,,,,,,,,,,,,,,,,,,,,,,,,,,,,,,,,,,,,,,,,,,,,,,,,,,,,,,,,,,,,
2020-09-29 04:51:51,2020-09-29 05:07:14,IP Address,182.239.121.150,36,923,False,2020-10-06 05:07:32,R_2QL1FbL4uGbtgpe,,,,,,,anonymous,EN,同意,同意,非常同意,中立,不同意,非常同意,中立,同意,中立,同意,中立,同意,非常同意,非常同意,中立,中立,同意,中立,不同意,同意,同意,同意,不同意,非常同意,非常同意,中立,不同意,同意,1-3次,不同意,中立,同意,同意,中立,有,,,,,,,,,,,,,,,,,,,,,,,,,,,,,,,,,,,,,,,,,,,,,,,
2020-09-29 09:42:43,2020-09-29 09:43:04,IP Address,221.124.27.104,4,21,False,2020-10-06 09:43:07,R_3HnqXou017NOHlK,,,,,,,anonymous,EN,,,,,,,,,,,,,,,,,,,,,,,,,,,,,,,,,,,,,,,,,,,,,,,,,,,,,,,,,,,,,,,,,,,,,,,,,,,,,,,,,,
2020-10-07 07:32:29,2020-10-07 07:39:18,IP Address,190.2.131.208,100,409,True,2020-10-07 07:39:19,R_3j8aX6znBH4ST9Z,,,,,51.9933929443359375,4.2158050537109375,anonymous,EN,同意,同意,中立,中立,中立,同意,同意,同意,中立,中立,中立,不同意,中立,中立,中立,中立,中立,同意,中立,同意,同意,中立,中立,同意,同意,同意,中立,不同意,1-3次,不同意,中立,中立,中立,中立,有,每5至10個帖子會表達反應／留言／分享一次,每5至10個帖子會表達反應／留言／分享一次,從不,每日1小時內,每日1小時內,每日1小時內,每日4小時以上,沒有,,,,,,,,,,,,,,,,,,,,,,,,,中立,中立,中立,中立,中立,中立,中立,中立,中立,中立,女,21,教育學院,Year 3,學士
