,StartDate,EndDate,Status,IPAddress,Progress,Duration (in seconds),Finished,RecordedDate,ResponseId,RecipientLastName,RecipientFirstName,RecipientEmail,ExternalReference,LocationLatitude,LocationLongitude,DistributionChannel,UserLanguage,Q1_1,Q1_2,Q1_3,Q1_4,Q2_1,Q2_2,Q2_3,Q2_4,Q2_5,Q2_6,Q2_7,Q2_8,Q3_1,Q3_2,Q3_3,Q3_4,Q3_5,Q3_6,Q4_1,Q4_2,Q4_3,Q4_4,Q4_5,Q5_1,Q5_2,Q5_3,Q5_4,Q5_5,Q6,Q7_1,Q7_2,Q7_3,Q7_4,Q7_5,Q8,Q43_1,Q43_2,Q43_3,Q9_1,Q9_2,Q9_3,Q9_4,Q10,Q11_1,Q11_2,Q11_3,Q11_4,Q11_5,Q12,Q13_1,Q13_2,Q13_3,Q13_4,Q14,Q15_1,Q15_2,Q15_3,Q15_4,Q16,Q17_1,Q17_2,Q17_3,Q17_4,Q18_1,Q18_2,Q18_3,Q18_4,Q19_1,Q19_2,Q19_3,Q19_4,Q19_5,Q20_1,Q20_2,Q20_3,Q20_4,Q20_5,Q21,Q22,Q23,Q24,Q25
0,Start Date,End Date,Response Type,IP Address,Progress,Duration (in seconds),Finished,Recorded Date,Response ID,Recipient Last Name,Recipient First Name,Recipient Email,External Data Reference,Location Latitude,Location Longitude,Distribution Channel,User Language,獲取媒體訊息 - 我知道如何使用搜尋工具從新媒體獲得所需的資訊。,獲取媒體訊息 - 我能夠適應新媒體的轉變（例如使用社交媒體的新功能）。,獲取媒體訊息 - 我能夠利用不同的媒體接收資訊。,獲取媒體訊息 - 我清楚知道媒體資訊的來源。,分析及理解媒體資訊 - 我會閱讀不同立場的資訊。,分析及理解媒體資訊 - 在理解資訊時，我不會只閱讀文章標題。,分析及理解媒體資訊 - 我會留意媒體發放資訊背後的目的。,分析及理解媒體資訊 - 我會反思自己在閱讀資料或參與討論時立場是否有偏頗。,分析及理解媒體資訊 - 我能夠辨別媒體資訊是否準確。,分析及理解媒體資訊 - 我能夠比較不同媒體的資訊。,分析及理解媒體資訊 - 我能以可信度、可靠性、公正性、普及程度等標準評估媒體資訊。,分析及理解媒體資訊 - 我會主動查證媒體發放的資訊。,意識及評估媒體的影響力 - 我明白資訊或會有誇大成分。,意識及評估媒體的影響力 - 我明白新聞報道可能只是事實的一部分。,意識及評估媒體的影響力 - 我能夠分析媒體內容對個人的影響。,意識及評估媒體的影響力 - 我能夠通過社交媒體影響他人的意見。,意識及評估媒體的影響力 - 我知道傳播假新聞可能造成的影響。,意識及評估媒體的影響力 - 我能夠保障自己免受閱讀新媒體資訊潛在的風險和後果影響。,應用及製造媒體資訊 - 我不會以「手動轉」的方式轉發消息。,應用及製造媒體資訊 - 我會與其他人討論某則新聞或消息。,應用及製造媒體資訊 - 我能夠綜合媒體資訊與我自己的意見。,應用及製造媒體資訊 - 我可以根據個人興趣和喜好評論或為媒體內容評分。,應用及製造媒體資訊 - 我能夠創作反映我的想法的內容。,假消息是指一些失實或錯誤訊息。以下問題關於你對假消息的認知和看法，每行只需選擇一個答案。 - 我留意到網上有假消息的流傳。,假消息是指一些失實或錯誤訊息。以下問題關於你對假消息的認知和看法，每行只需選擇一個答案。 - 我認為無論教育水平高低的人都有機會相信假消息。,假消息是指一些失實或錯誤訊息。以下問題關於你對假消息的認知和看法，每行只需選擇一個答案。 - 我不會輕易相信任何消息。,假消息是指一些失實或錯誤訊息。以下問題關於你對假消息的認知和看法，每行只需選擇一個答案。 - 我清楚發放假消息的人的目的。,假消息是指一些失實或錯誤訊息。以下問題關於你對假消息的認知和看法，每行只需選擇一個答案。 - 我會主動查證消息是否假新聞。,你一星期內通常接觸多少次假消息？,內容農場是指一些沒有原創內容的抄襲網站。以下問題關於你對內容農場的認知和看法，每行只需選擇一個答案。 - 我清楚了解內容農場背後的經營模式。,內容農場是指一些沒有原創內容的抄襲網站。以下問題關於你對內容農場的認知和看法，每行只需選擇一個答案。 - 我知道哪些網站是內容農場，並會避免瀏覽這些來源發佈的內容。,內容農場是指一些沒有原創內容的抄襲網站。以下問題關於你對內容農場的認知和看法，每行只需選擇一個答案。 - 我認為內容農場助長了假消息的傳播。,內容農場是指一些沒有原創內容的抄襲網站。以下問題關於你對內容農場的認知和看法，每行只需選擇一個答案。 - 我不會輕易相信農場資訊的內容。,內容農場是指一些沒有原創內容的抄襲網站。以下問題關於你對內容農場的認知和看法，每行只需選擇一個答案。 - 我認為內容農場對新聞媒體帶來負面影響。,事實查核（Fact-checking）專頁是指一些專門查證坊間流傳的新聞或者傳言的專頁，例子有求驗傳媒、事實查核實驗室、傳真社等。請問你有沒有讚好／追蹤事實查核專頁？,以下問題關於你使用事實查核專頁的頻率，每行只需選擇一個答案。 - 表達反應,以下問題關於你使用事實查核專頁的頻率，每行只需選擇一個答案。 - 分享,以下問題關於你使用事實查核專頁的頻率，每行只需選擇一個答案。 - 留言,新聞消費是指接收及使用新聞資訊 。以下問題是有關你在不同媒介上的新聞消費頻率，每行只需選擇一個答案。 - 報紙,新聞消費是指接收及使用新聞資訊 。以下問題是有關你在不同媒介上的新聞消費頻率，每行只需選擇一個答案。 - 電台廣播,新聞消費是指接收及使用新聞資訊 。以下問題是有關你在不同媒介上的新聞消費頻率，每行只需選擇一個答案。 - 電視,新聞消費是指接收及使用新聞資訊 。以下問題是有關你在不同媒介上的新聞消費頻率，每行只需選擇一個答案。 - 新聞網頁／應用程式,你有沒有使用社交媒體消費新聞？,你有多經常從以下的社交媒體平台上閱覽新聞報導？ - Facebook,你有多經常從以下的社交媒體平台上閱覽新聞報導？ - Instagram,你有多經常從以下的社交媒體平台上閱覽新聞報導？ - Youtube,你有多經常從以下的社交媒體平台上閱覽新聞報導？ - LIHKG,你有多經常從以下的社交媒體平台上閱覽新聞報導？ - Twitter,傳統媒體專頁是指由紙媒、電台、電視台營運的專頁，例子有明報、蘋果日報、文匯報、香港電台、有線新聞等等。請問你有沒有讚好／追蹤傳統媒體專頁？,以下問題是有關你在透過傳統媒體專頁消費新聞的頻率，請根據你平常的使用行為作答，每行只需選擇一個答案。 - 表達反應 （即在帖子留下「讚好」、「愛心」、「哇」、「哈哈」、「難過」、「生氣」）,以下問題是有關你在透過傳統媒體專頁消費新聞的頻率，請根據你平常的使用行為作答，每行只需選擇一個答案。 - 分享,以下問題是有關你在透過傳統媒體專頁消費新聞的頻率，請根據你平常的使用行為作答，每行只需選擇一個答案。 - 留言,以下問題是有關你在透過傳統媒體專頁消費新聞的頻率，請根據你平常的使用行為作答，每行只需選擇一個答案。 - 分享時加入個人意見,"網絡媒體專頁是指由非傳統新聞機構營運的專頁，例子有立場新聞、輔仁網、香港獨立媒體網等。
請問你有沒有讚好／追蹤網絡媒體專頁？",以下問題是有關你在透過網絡媒體專頁消費新聞的頻率，請根據你平常的使用行為作答，每行只需選擇一個答案。 - 表達反應 （即在帖子留下「讚好」、「愛心」、「哇」、「哈哈」、「難過」、「生氣」）,以下問題是有關你在透過網絡媒體專頁消費新聞的頻率，請根據你平常的使用行為作答，每行只需選擇一個答案。 - 分享,以下問題是有關你在透過網絡媒體專頁消費新聞的頻率，請根據你平常的使用行為作答，每行只需選擇一個答案。 - 留言,以下問題是有關你在透過網絡媒體專頁消費新聞的頻率，請根據你平常的使用行為作答，每行只需選擇一個答案。 - 分享時加入個人意見,政府官方專頁是指由政府部門營運，用於發放及公布消息的專頁，例子有政府新聞網、衞生署衞生防護中心等）。請問你有沒有讚好／追蹤政府官方專頁？,以下問題是有關你在透過政府官方專頁消費新聞的頻率，請根據你平常的使用行為作答，每行只需選擇一個答案。 - 表達反應，即在帖子留下「讚好」、「愛心」、「哇」、「哈哈」、「難過」、「生氣」,以下問題是有關你在透過政府官方專頁消費新聞的頻率，請根據你平常的使用行為作答，每行只需選擇一個答案。 - 分享,以下問題是有關你在透過政府官方專頁消費新聞的頻率，請根據你平常的使用行為作答，每行只需選擇一個答案。 - 留言？,以下問題是有關你在透過政府官方專頁消費新聞的頻率，請根據你平常的使用行為作答，每行只需選擇一個答案。 - 分享時加入個人意見,以下問題是有關你在透過朋友/家人分享或轉載的消費新聞的頻率，請根據你平常的使用行為作答，每行只需選擇一個答案。 - 表達反應，即在帖子留下「讚好」、「愛心」、「哇」、「哈哈」、「難過」、「生氣」,以下問題是有關你在透過朋友/家人分享或轉載的消費新聞的頻率，請根據你平常的使用行為作答，每行只需選擇一個答案。 - 分享,以下問題是有關你在透過朋友/家人分享或轉載的消費新聞的頻率，請根據你平常的使用行為作答，每行只需選擇一個答案。 - 留言,以下問題是有關你在透過朋友/家人分享或轉載的消費新聞的頻率，請根據你平常的使用行為作答，每行只需選擇一個答案。 - 分享時加入個人意見,你有多大程度相信由以下媒介發布的資訊？ - 報紙,你有多大程度相信由以下媒介發布的資訊？ - 電視,你有多大程度相信由以下媒介發布的資訊？ - 電台廣播,你有多大程度相信由以下媒介發布的資訊？ - 新聞網頁／應用程式,你有多大程度相信由以下媒介發布的資訊？ - 社交媒體,你有多大程度相信由以下專頁／對象發布的資訊？ - 傳統媒體專頁,你有多大程度相信由以下專頁／對象發布的資訊？ - 網絡媒體專頁,你有多大程度相信由以下專頁／對象發布的資訊？ - 政府官方專頁,你有多大程度相信由以下專頁／對象發布的資訊？ - 事實查核專頁,你有多大程度相信由以下專頁／對象發布的資訊？ - 朋友／家人,性別,年齡,學院 / 學系,修讀學年,修讀學位
5,23/8/2020 02:51,23/8/2020 02:53,Survey Preview,,100,106,TRUE,23/8/2020 02:53,R_eQWt5R6HtEFxu2R,,,,,22.27949524,114.1459961,preview,EN,非常同意,中立,中立,同意,非常同意,非常同意,非常同意,非常同意,非常同意,非常同意,同意,同意,非常同意,同意,非常同意,同意,同意,非常同意,非常同意,同意,同意,非常同意,同意,非常同意,中立,中立,中立,同意,4-5次,非常同意,中立,同意,同意,同意,沒有,,,,從不,每日1小時內,每日1小時內,每日1小時內,有,每日1小時內,每日1小時內,每日1小時內,每日1-2小時,每日1-2小時,有,從不,每30個以上帖子表達反應／留言／分享一次,每10至30個帖子會表達反應／留言／分享一次,每30個以上帖子表達反應／留言／分享一次,有,從不,每30個以上帖子表達反應／留言／分享一次,從不,從不,沒有,,,,,從不,每30個以上帖子表達反應／留言／分享一次,每30個以上帖子表達反應／留言／分享一次,每30個以上帖子表達反應／留言／分享一次,非常信任,不信任,非常信任,非常信任,信任,不信任,中立,信任,信任,中立,女,1,醫學院,Year 2,博士
6,23/8/2020 08:42,23/8/2020 08:44,IP Address,218.250.91.249,100,122,TRUE,23/8/2020 08:44,R_DGeWm5IqRnYm7bX,,,,,22.27949524,114.1459961,anonymous,EN,非常不同意,不同意,不同意,不同意,非常不同意,中立,不同意,不同意,中立,中立,中立,不同意,中立,中立,同意,中立,中立,中立,中立,中立,中立,中立,不同意,中立,中立,同意,中立,中立,4-5次,中立,中立,同意,,不同意,沒有,,,,每日1-2小時,每日1-2小時,每日1-2小時,每日1-2小時,沒有,,,,,,,,,,,,,,,,,,,,,,,,,中立,中立,不信任,中立,中立,不信任,中立,中立,不信任,不信任,不透露,1,文學院,Year 2,學士
7,24/8/2020 23:18,24/8/2020 23:21,IP Address,45.64.243.116,100,192,TRUE,24/8/2020 23:21,R_1Pc8RvM2ejeEp1Y,,,,,22.27949524,114.1459961,anonymous,EN,同意,同意,同意,中立,中立,同意,同意,同意,同意,同意,非常同意,中立,非常同意,非常同意,同意,非常同意,非常同意,中立,不同意,非常同意,非常同意,同意,同意,非常同意,非常同意,中立,中立,不同意,1-3次,非常同意,非常同意,非常同意,非常不同意,非常同意,有,從不,從不,從不,從不,從不,從不,每日1小時內,有,從不,每日1-2小時,每日1小時內,從不,從不,有,從不,從不,從不,從不,有,每30個以上帖子表達反應／留言／分享一次,每30個以上帖子表達反應／留言／分享一次,從不,從不,沒有,,,,,從不,從不,從不,從不,中立,不信任,中立,信任,信任,信任,信任,中立,信任,不信任,女,20,文學院,Year 2,學士
8,24/8/2020 23:18,24/8/2020 23:21,IP Address,116.49.183.108,100,212,TRUE,24/8/2020 23:21,R_SDgRhYdE5EGI0ox,,,,,22.27949524,114.1459961,anonymous,EN,同意,中立,同意,同意,同意,同意,同意,同意,中立,同意,同意,中立,同意,同意,同意,同意,同意,同意,同意,同意,同意,同意,中立,同意,中立,同意,同意,同意,4-5次,同意,同意,同意,同意,同意,有,每5至10個帖子會表達反應／留言／分享一次,每10至30個帖子會表達反應／留言／分享一次,每10至30個帖子會表達反應／留言／分享一次,每日1小時內,從不,每日1小時內,每日1-2小時,沒有,,,,,,,,,,,,,,,,,,,,,,,,,中立,中立,中立,信任,中立,信任,信任,中立,信任,中立,女,21,社會科學院,Year 4,學士
9,24/8/2020 23:19,24/8/2020 23:23,IP Address,58.176.185.120,100,197,TRUE,24/8/2020 23:23,R_TnMWofHw4puETcJ,,,,,22.46910095,114.0061035,anonymous,EN,非常同意,中立,同意,不同意,同意,同意,同意,同意,中立,中立,中立,中立,同意,同意,同意,中立,同意,中立,中立,同意,中立,中立,同意,非常同意,非常同意,同意,中立,中立,1-3次,不同意,中立,非常同意,同意,同意,有,每30個以上帖子表達反應／留言／分享一次,從不,從不,每日1小時內,從不,每日1小時內,每日1-2小時,有,從不,從不,每日1小時內,從不,從不,沒有,,,,,沒有,,,,,有,從不,從不,從不,從不,每30個以上帖子表達反應／留言／分享一次,從不,從不,從不,中立,信任,中立,中立,不信任,中立,不信任,信任,中立,中立,女,20,商學院,Year 2,學士
10,24/8/2020 23:20,24/8/2020 23:24,IP Address,210.6.218.56,100,257,TRUE,24/8/2020 23:24,R_zSbPdnXCYRtJUEp,,,,,22.43330383,114.0332947,anonymous,EN,同意,同意,同意,不同意,同意,同意,同意,中立,同意,同意,同意,同意,同意,同意,中立,不同意,同意,中立,中立,同意,同意,中立,同意,同意,同意,中立,不同意,中立,1-3次,不同意,不同意,同意,同意,同意,沒有,,,,從不,從不,每日1小時內,每日1小時內,沒有,,,,,,,,,,,,,,,,,,,,,,,,,中立,中立,中立,中立,不信任,中立,中立,不信任,中立,中立,女,20,文學院,Year 4,學士
11,24/8/2020 23:21,24/8/2020 23:25,IP Address,182.239.85.103,100,271,TRUE,24/8/2020 23:25,R_2Bfy1Ru0V8JEjwl,,,,,22.27949524,114.1459961,anonymous,EN,同意,同意,中立,中立,同意,同意,中立,同意,同意,同意,同意,非常同意,非常同意,同意,非常同意,同意,同意,同意,不同意,非常同意,非常同意,中立,非常同意,同意,同意,非常同意,同意,同意,7次以上,不同意,不同意,不同意,中立,同意,有,每30個以上帖子表達反應／留言／分享一次,每30個以上帖子表達反應／留言／分享一次,每30個以上帖子表達反應／留言／分享一次,從不,從不,每日1小時內,每日3-4小時,有,每日1-2小時,每日3-4小時,每日1-2小時,每日1小時內,每日1小時內,有,每30個以上帖子表達反應／留言／分享一次,每30個以上帖子表達反應／留言／分享一次,每10至30個帖子會表達反應／留言／分享一次,每30個以上帖子表達反應／留言／分享一次,有,每10至30個帖子會表達反應／留言／分享一次,每10至30個帖子會表達反應／留言／分享一次,每10至30個帖子會表達反應／留言／分享一次,每10至30個帖子會表達反應／留言／分享一次,沒有,,,,,從不,從不,從不,從不,中立,中立,中立,信任,中立,中立,信任,不信任,信任,中立,男,19,理學院,Year 3,學士
12,24/8/2020 23:23,24/8/2020 23:27,IP Address,182.239.90.106,100,243,TRUE,24/8/2020 23:27,R_BMu0KWJZ21IQ15T,,,,,22.27949524,114.1459961,anonymous,EN,非常同意,非常同意,非常同意,非常同意,非常同意,非常同意,非常同意,非常同意,非常同意,非常同意,非常同意,非常同意,非常同意,非常同意,非常同意,非常同意,非常同意,非常同意,非常同意,非常同意,非常同意,非常同意,非常同意,中立,同意,同意,非常同意,非常同意,1-3次,非常同意,非常同意,非常同意,非常同意,非常同意,沒有,,,,從不,從不,從不,每日3-4小時,沒有,,,,,,,,,,,,,,,,,,,,,,,,,不信任,非常不信任,中立,信任,信任,中立,中立,非常不信任,非常信任,中立,不透露,23,醫學院,Year 2,學士
13,24/8/2020 23:27,24/8/2020 23:28,IP Address,124.244.89.54,100,87,TRUE,24/8/2020 23:28,R_C9saXOaNHLV0YDv,,,,,22.26669312,114.2333069,anonymous,EN,同意,中立,中立,中立,中立,中立,中立,中立,中立,同意,不同意,中立,同意,非常同意,同意,中立,同意,不同意,同意,不同意,中立,同意,中立,同意,中立,同意,同意,同意,6-7次,同意,中立,不同意,不同意,中立,有,每30個以上帖子表達反應／留言／分享一次,每30個以上帖子表達反應／留言／分享一次,每30個以上帖子表達反應／留言／分享一次,每日3-4小時,每日1小時內,每日1小時內,從不,沒有,,,,,,,,,,,,,,,,,,,,,,,,,中立,信任,中立,非常信任,信任,信任,不信任,信任,信任,信任,男,20,商學院,Year 3,學士
14,24/8/2020 23:22,24/8/2020 23:30,IP Address,137.189.240.37,100,446,TRUE,24/8/2020 23:30,R_1mgxeOKQY7NidhM,,,,,22.27949524,114.1459961,anonymous,EN,非常同意,非常同意,非常同意,非常不同意,中立,非常同意,非常同意,同意,不同意,中立,同意,非常不同意,非常同意,非常同意,非常同意,非常同意,非常同意,非常同意,非常同意,非常同意,非常同意,非常同意,不同意,非常同意,同意,非常同意,非常不同意,不同意,6-7次,非常不同意,非常不同意,非常同意,非常同意,非常同意,沒有,,,,從不,從不,每日1小時內,每日1小時內,有,每日1小時內,從不,從不,從不,從不,沒有,,,,,沒有,,,,,有,從不,從不,從不,從不,從不,從不,從不,從不,中立,中立,中立,中立,中立,中立,不信任,中立,中立,不信任,男,24,醫學院,Year 6,學士
15,24/8/2020 23:19,24/8/2020 23:32,IP Address,113.255.233.138,100,792,TRUE,24/8/2020 23:32,R_2uqWD9dnCpMmACu,,,,,22.27949524,114.1459961,anonymous,EN,非常同意,同意,同意,中立,同意,同意,同意,同意,不同意,同意,同意,不同意,同意,非常同意,同意,同意,同意,中立,同意,中立,中立,同意,非常不同意,非常同意,非常同意,同意,同意,中立,1-3次,同意,中立,同意,同意,非常同意,有,每5至10個帖子會表達反應／留言／分享一次,每30個以上帖子表達反應／留言／分享一次,從不,從不,從不,每日1小時內,每日4小時以上,沒有,,,,,,,,,,,,,,,,,,,,,,,,,中立,中立,中立,信任,中立,中立,中立,不信任,信任,信任,女,22,商學院,Year 4,學士
16,24/8/2020 23:31,24/8/2020 23:34,IP Address,14.0.236.77,100,194,TRUE,24/8/2020 23:34,R_3R3DOh3YtDpBZBd,,,,,22.27949524,114.1459961,anonymous,EN,同意,同意,同意,中立,同意,同意,中立,同意,同意,同意,同意,同意,非常同意,同意,同意,不同意,同意,中立,同意,同意,同意,同意,同意,同意,同意,中立,同意,中立,1-3次,非常同意,非常同意,非常同意,非常同意,同意,有,從不,每30個以上帖子表達反應／留言／分享一次,從不,每日1小時內,每日1-2小時,每日1小時內,每日1小時內,有,每日1小時內,每日1小時內,從不,每日1小時內,從不,有,從不,每30個以上帖子表達反應／留言／分享一次,從不,從不,有,從不,每30個以上帖子表達反應／留言／分享一次,從不,從不,沒有,,,,,從不,從不,從不,從不,信任,中立,信任,信任,不信任,信任,信任,中立,信任,中立,女,20,文學院,Year 1,學士
17,24/8/2020 23:29,24/8/2020 23:35,IP Address,119.247.40.176,100,344,TRUE,24/8/2020 23:35,R_1pRPdz4SOlselHj,,,,,22.27949524,114.1459961,anonymous,EN,非常同意,非常同意,非常同意,同意,中立,同意,同意,同意,同意,同意,非常同意,同意,同意,非常同意,非常同意,非常同意,非常同意,非常同意,非常同意,同意,同意,同意,同意,非常同意,非常同意,同意,同意,非常同意,1-3次,非常同意,同意,同意,非常同意,非常同意,有,每30個以上帖子表達反應／留言／分享一次,從不,從不,每日1小時內,從不,每日1小時內,每日3-4小時,有,每日1-2小時,每日1小時內,每日1小時內,從不,從不,有,幾乎每個帖子都會表達反應／留言／分享一次,每10至30個帖子會表達反應／留言／分享一次,從不,從不,有,幾乎每個帖子都會表達反應／留言／分享一次,每10至30個帖子會表達反應／留言／分享一次,從不,從不,沒有,,,,,從不,從不,從不,從不,信任,中立,信任,信任,中立,信任,信任,不信任,非常信任,中立,男,19,社會科學院,Year 3,學士
18,24/8/2020 23:31,24/8/2020 23:35,IP Address,137.189.134.49,100,237,TRUE,24/8/2020 23:35,R_ZxiodejVMoZfiq5,,,,,22.38330078,114.1832886,anonymous,EN,同意,同意,同意,中立,同意,非常同意,同意,非常同意,同意,同意,非常同意,中立,同意,同意,同意,中立,同意,不同意,同意,同意,同意,中立,同意,同意,同意,同意,中立,同意,1-3次,同意,同意,非常同意,非常同意,同意,有,從不,每30個以上帖子表達反應／留言／分享一次,從不,從不,每日1小時內,每日1-2小時,每日1-2小時,沒有,,,,,,,,,,,,,,,,,,,,,,,,,中立,中立,信任,信任,中立,信任,中立,中立,中立,中立,男,22,理學院,Year 4,學士
19,24/8/2020 23:18,24/8/2020 23:38,IP Address,211.253.26.240,100,1177,TRUE,24/8/2020 23:38,R_BYalEadkAu5V6iR,,,,,36.63529968,127.467804,anonymous,EN,非常同意,非常同意,同意,中立,不同意,同意,同意,不同意,不同意,不同意,中立,不同意,中立,同意,同意,中立,同意,不同意,不同意,同意,中立,同意,中立,同意,同意,不同意,同意,同意,1-3次,不同意,中立,同意,中立,同意,有,每30個以上帖子表達反應／留言／分享一次,每10至30個帖子會表達反應／留言／分享一次,每30個以上帖子表達反應／留言／分享一次,從不,每日1小時內,每日1小時內,每日1小時內,有,每日1小時內,每日1小時內,每日1小時內,從不,每日1小時內,有,每10至30個帖子會表達反應／留言／分享一次,從不,從不,從不,有,每5至10個帖子會表達反應／留言／分享一次,每5至10個帖子會表達反應／留言／分享一次,從不,每30個以上帖子表達反應／留言／分享一次,沒有,,,,,每30個以上帖子表達反應／留言／分享一次,每30個以上帖子表達反應／留言／分享一次,從不,從不,信任,信任,信任,信任,不信任,中立,中立,信任,信任,不信任,女,19,商學院,Year 2,學士
20,24/8/2020 23:26,24/8/2020 23:39,IP Address,1.64.195.12,100,762,TRUE,24/8/2020 23:39,R_3Gq539CkUdpUT9G,,,,,22.43330383,114.0332947,anonymous,EN,同意,同意,同意,中立,同意,同意,中立,同意,不同意,同意,中立,中立,同意,同意,中立,中立,同意,中立,同意,同意,同意,中立,不同意,同意,同意,中立,不同意,中立,1-3次,不同意,同意,同意,同意,同意,沒有,,,,從不,從不,每日1-2小時,每日3-4小時,有,從不,每日1-2小時,每日1小時內,從不,每日1小時內,有,從不,從不,從不,從不,有,從不,每10至30個帖子會表達反應／留言／分享一次,從不,每10至30個帖子會表達反應／留言／分享一次,沒有,,,,,從不,每30個以上帖子表達反應／留言／分享一次,從不,從不,信任,中立,中立,信任,信任,中立,信任,中立,信任,中立,女,18,醫學院,Year 2,學士
21,24/8/2020 23:23,24/8/2020 23:40,IP Address,66.115.147.73,100,1057,TRUE,24/8/2020 23:40,R_2zTnL2XF8XyFjnr,,,,,49.28250122,-123.1291046,anonymous,EN,非常同意,非常同意,同意,同意,同意,同意,同意,同意,中立,同意,同意,不同意,中立,同意,同意,同意,非常同意,中立,同意,同意,同意,不同意,同意,同意,同意,中立,非常同意,中立,1-3次,中立,非常同意,中立,同意,非常同意,沒有,,,,從不,從不,每日1-2小時,每日3-4小時,有,每日1小時內,每日1-2小時,每日3-4小時,每日1-2小時,每日1小時內,有,從不,從不,從不,從不,有,每5至10個帖子會表達反應／留言／分享一次,每30個以上帖子表達反應／留言／分享一次,從不,每30個以上帖子表達反應／留言／分享一次,沒有,,,,,每30個以上帖子表達反應／留言／分享一次,從不,從不,從不,信任,不信任,中立,信任,中立,信任,信任,中立,非常信任,中立,女,19,理學院,Year 2,學士
22,24/8/2020 23:34,24/8/2020 23:41,IP Address,14.0.180.160,100,392,TRUE,24/8/2020 23:41,R_3DbXOJpPR86K2TV,,,,,22.27949524,114.1459961,anonymous,EN,非常同意,非常同意,非常同意,同意,同意,同意,同意,同意,同意,同意,同意,同意,同意,非常同意,非常同意,非常同意,非常同意,同意,非常同意,同意,同意,同意,中立,非常同意,非常同意,非常同意,非常同意,同意,4-5次,同意,同意,非常同意,非常同意,非常同意,有,每5至10個帖子會表達反應／留言／分享一次,每10至30個帖子會表達反應／留言／分享一次,從不,從不,從不,從不,每日3-4小時,沒有,,,,,,,,,,,,,,,,,,,,,,,,,信任,信任,信任,信任,信任,信任,信任,中立,非常信任,中立,男,21,文學院,Year 3,學士
23,24/8/2020 23:34,24/8/2020 23:44,IP Address,223.17.9.28,100,613,TRUE,24/8/2020 23:44,R_1NwicdNtkj3Fhye,,,,,22.27949524,114.1459961,anonymous,EN,同意,同意,同意,中立,同意,非常同意,不同意,非常同意,非常同意,非常同意,同意,非常同意,非常同意,非常同意,非常同意,非常不同意,非常同意,非常不同意,不同意,非常同意,非常同意,非常同意,中立,非常同意,非常同意,中立,不同意,不同意,1-3次,不同意,不同意,不同意,不同意,非常同意,沒有,,,,每日1小時內,每日1小時內,每日1小時內,每日3-4小時,有,每日1小時內,每日1小時內,每日1小時內,從不,從不,有,每10至30個帖子會表達反應／留言／分享一次,每30個以上帖子表達反應／留言／分享一次,從不,每30個以上帖子表達反應／留言／分享一次,有,每30個以上帖子表達反應／留言／分享一次,每30個以上帖子表達反應／留言／分享一次,從不,每30個以上帖子表達反應／留言／分享一次,有,每30個以上帖子表達反應／留言／分享一次,從不,從不,從不,每30個以上帖子表達反應／留言／分享一次,每30個以上帖子表達反應／留言／分享一次,每30個以上帖子表達反應／留言／分享一次,每30個以上帖子表達反應／留言／分享一次,中立,中立,中立,中立,中立,中立,中立,中立,中立,中立,男,24,理學院,Year 5,學士
24,24/8/2020 23:42,24/8/2020 23:47,IP Address,14.198.50.106,100,284,TRUE,24/8/2020 23:47,R_2aEIbRAGoJtJnp1,,,,,22.28329468,114.2167053,anonymous,EN,非常同意,非常同意,非常同意,中立,同意,非常同意,同意,同意,同意,同意,同意,中立,非常同意,非常同意,同意,同意,非常同意,非常同意,不同意,同意,同意,中立,同意,非常同意,同意,非常同意,中立,中立,4-5次,同意,同意,非常同意,非常同意,中立,有,從不,從不,從不,每日1小時內,從不,從不,每日3-4小時,沒有,,,,,,,,,,,,,,,,,,,,,,,,,信任,中立,信任,信任,中立,信任,信任,不信任,信任,中立,男,22,工程學院,Year 4,學士
25,24/8/2020 23:45,24/8/2020 23:51,IP Address,219.78.38.2,100,336,TRUE,24/8/2020 23:51,R_2YYqxwlkR01nEOF,,,,,22.27949524,114.1459961,anonymous,EN,非常同意,非常同意,同意,中立,同意,同意,中立,同意,不同意,中立,同意,中立,同意,非常同意,同意,中立,非常同意,中立,同意,非常同意,同意,同意,同意,非常同意,非常同意,中立,不同意,中立,1-3次,中立,不同意,中立,中立,同意,沒有,,,,從不,從不,每日3-4小時,每日3-4小時,有,每日1小時內,每日3-4小時,每日1-2小時,每日1-2小時,每日1小時內,有,每10至30個帖子會表達反應／留言／分享一次,每10至30個帖子會表達反應／留言／分享一次,從不,每10至30個帖子會表達反應／留言／分享一次,有,每5至10個帖子會表達反應／留言／分享一次,每10至30個帖子會表達反應／留言／分享一次,從不,每10至30個帖子會表達反應／留言／分享一次,沒有,,,,,每30個以上帖子表達反應／留言／分享一次,每30個以上帖子表達反應／留言／分享一次,從不,每30個以上帖子表達反應／留言／分享一次,信任,信任,中立,信任,中立,中立,中立,不信任,信任,信任,女,20,社會科學院,Year 2,學士
26,24/8/2020 23:53,25/8/2020 00:00,IP Address,45.120.2.73,100,426,TRUE,25/8/2020 00:00,R_3Jle6jn4QMjQYVz,,,,,22.27949524,114.1459961,anonymous,EN,非常同意,非常同意,非常同意,非常同意,非常同意,非常同意,非常同意,同意,中立,同意,同意,不同意,非常同意,非常同意,同意,中立,非常同意,同意,非常同意,同意,中立,同意,非常不同意,非常同意,非常同意,非常同意,非常同意,中立,4-5次,非常同意,非常同意,非常同意,非常同意,非常同意,沒有,,,,從不,從不,每日1小時內,從不,有,每日1-2小時,每日3-4小時,每日3-4小時,每日1-2小時,從不,有,從不,從不,從不,從不,有,從不,從不,從不,從不,沒有,,,,,從不,從不,從不,從不,中立,中立,中立,中立,中立,中立,中立,不信任,信任,信任,女,23,文學院,Year 3,學士
27,24/8/2020 23:33,25/8/2020 00:12,IP Address,123.202.250.129,100,2354,TRUE,25/8/2020 00:12,R_1NyPzFYZTQZtfP5,,,,,22.28329468,113.9500122,anonymous,EN,非常同意,同意,非常同意,同意,中立,中立,同意,同意,同意,同意,同意,同意,同意,同意,同意,中立,非常同意,同意,非常不同意,非常同意,同意,同意,同意,非常同意,非常同意,中立,同意,中立,1-3次,不同意,中立,同意,同意,同意,沒有,,,,從不,從不,從不,每日1小時內,有,每日1小時內,每日1小時內,從不,從不,每日1小時內,有,從不,每30個以上帖子表達反應／留言／分享一次,從不,從不,有,從不,每30個以上帖子表達反應／留言／分享一次,從不,從不,沒有,,,,,從不,從不,從不,從不,信任,不信任,中立,信任,信任,中立,信任,非常不信任,信任,信任,女,20,商學院,Year 2,學士
28,25/8/2020 00:23,25/8/2020 00:27,IP Address,37.120.210.84,100,254,TRUE,25/8/2020 00:27,R_2PhFNRkqI4xV4oM,,,,,35.61289978,139.743988,anonymous,EN,同意,同意,同意,同意,不同意,不同意,不同意,不同意,中立,同意,同意,中立,同意,同意,同意,不同意,同意,中立,同意,同意,同意,同意,中立,同意,同意,中立,同意,中立,1-3次,同意,同意,同意,同意,同意,有,每10至30個帖子會表達反應／留言／分享一次,從不,從不,從不,從不,每日1小時內,每日1小時內,有,每日1-2小時,每日1-2小時,從不,每日1小時內,每日1小時內,有,每5至10個帖子會表達反應／留言／分享一次,從不,從不,從不,有,每5至10個帖子會表達反應／留言／分享一次,每10至30個帖子會表達反應／留言／分享一次,從不,從不,沒有,,,,,從不,從不,從不,從不,中立,中立,不信任,中立,中立,信任,中立,非常不信任,中立,中立,男,21,工程學院,Year 2,學士
29,25/8/2020 00:30,25/8/2020 00:35,IP Address,116.48.179.223,100,318,TRUE,25/8/2020 00:35,R_3Rxr6xt2ufb7uxx,,,,,22.27949524,114.1459961,anonymous,EN,非常同意,非常同意,非常同意,同意,同意,同意,同意,同意,同意,同意,同意,同意,同意,同意,同意,不同意,同意,同意,同意,同意,同意,同意,同意,非常同意,同意,同意,不同意,同意,0次,同意,非常同意,非常同意,非常同意,同意,有,每30個以上帖子表達反應／留言／分享一次,從不,從不,從不,每日1小時內,每日1小時內,每日1小時內,有,每日1小時內,每日1小時內,每日1-2小時,每日1小時內,每日1小時內,有,每30個以上帖子表達反應／留言／分享一次,每30個以上帖子表達反應／留言／分享一次,每30個以上帖子表達反應／留言／分享一次,從不,有,每30個以上帖子表達反應／留言／分享一次,每30個以上帖子表達反應／留言／分享一次,每30個以上帖子表達反應／留言／分享一次,從不,沒有,,,,,每30個以上帖子表達反應／留言／分享一次,從不,從不,從不,信任,信任,信任,中立,中立,信任,中立,中立,信任,中立,男,19,工程學院,Year 3,學士
30,25/8/2020 00:34,25/8/2020 00:37,IP Address,209.58.185.231,100,155,TRUE,25/8/2020 00:37,R_1eQnV3cNzBkd3g0,,,,,22.27949524,114.1459961,anonymous,EN,非常同意,非常同意,非常同意,中立,不同意,不同意,非常同意,非常同意,中立,不同意,不同意,不同意,非常同意,非常同意,非常同意,不同意,非常同意,不同意,非常同意,非常同意,非常同意,同意,同意,非常同意,非常同意,非常同意,不同意,不同意,7次以上,非常同意,非常同意,非常同意,非常同意,非常同意,沒有,,,,從不,從不,從不,每日4小時以上,有,每日1小時內,每日3-4小時,每日1小時內,每日4小時以上,從不,有,從不,從不,從不,從不,有,從不,從不,從不,從不,沒有,,,,,從不,從不,從不,從不,中立,不信任,中立,信任,信任,非常信任,信任,不信任,中立,不信任,男,21,工程學院,Year 2,學士
31,25/8/2020 00:39,25/8/2020 00:43,IP Address,119.236.248.52,100,251,TRUE,25/8/2020 00:43,R_vdXRmNPPEDOBLBD,,,,,22.27949524,114.1459961,anonymous,EN,同意,同意,中立,同意,不同意,同意,同意,中立,同意,同意,同意,同意,非常同意,同意,同意,中立,非常同意,中立,非常同意,同意,中立,同意,同意,非常同意,同意,同意,中立,中立,1-3次,同意,同意,同意,同意,同意,沒有,,,,從不,從不,從不,每日1-2小時,有,每日1小時內,每日1小時內,從不,每日1小時內,每日1小時內,有,從不,從不,從不,每30個以上帖子表達反應／留言／分享一次,有,從不,從不,從不,從不,沒有,,,,,從不,從不,從不,從不,中立,中立,中立,中立,中立,中立,中立,中立,中立,中立,男,22,理學院,Year 3,學士
32,25/8/2020 00:48,25/8/2020 00:51,IP Address,61.244.123.89,100,199,TRUE,25/8/2020 00:51,R_2BqRdnM40RrVb4W,,,,,22.3999939,113.9833069,anonymous,EN,非常同意,非常同意,同意,中立,不同意,同意,同意,非常同意,不同意,不同意,中立,不同意,非常同意,非常同意,同意,同意,同意,非常同意,非常同意,中立,中立,非常同意,非常同意,非常同意,非常同意,非常同意,中立,不同意,0次,不同意,不同意,同意,同意,非常同意,沒有,,,,從不,從不,每日1小時內,每日1-2小時,沒有,,,,,,,,,,,,,,,,,,,,,,,,,信任,信任,信任,信任,信任,非常信任,中立,非常信任,中立,中立,男,20,工程學院,Year 3,學士
33,25/8/2020 01:09,25/8/2020 01:19,IP Address,118.140.42.90,100,560,TRUE,25/8/2020 01:19,R_9Fdrl0v0GfaX0kN,,,,,22.27949524,114.1459961,anonymous,EN,同意,同意,同意,同意,中立,同意,不同意,同意,同意,中立,同意,中立,同意,同意,同意,不同意,非常同意,同意,非常同意,非常同意,非常同意,非常同意,同意,同意,不同意,同意,同意,中立,1-3次,非常同意,非常同意,非常同意,同意,非常同意,沒有,,,,從不,每日1小時內,每日1-2小時,每日3-4小時,有,每日1-2小時,從不,從不,每日1小時內,從不,有,每10至30個帖子會表達反應／留言／分享一次,每30個以上帖子表達反應／留言／分享一次,從不,每30個以上帖子表達反應／留言／分享一次,有,每10至30個帖子會表達反應／留言／分享一次,每30個以上帖子表達反應／留言／分享一次,從不,每30個以上帖子表達反應／留言／分享一次,有,從不,從不,從不,從不,每10至30個帖子會表達反應／留言／分享一次,從不,從不,從不,中立,中立,信任,信任,中立,信任,信任,非常不信任,非常不信任,中立,男,22,商學院,Year 5,學士
34,25/8/2020 01:28,25/8/2020 01:36,IP Address,58.153.178.217,100,450,TRUE,25/8/2020 01:36,R_2e5c4PZ19oSaeMf,,,,,22.27949524,114.1459961,anonymous,EN,非常同意,非常同意,非常同意,同意,中立,非常同意,不同意,中立,不同意,同意,同意,不同意,非常同意,非常同意,非常同意,同意,同意,同意,非常同意,同意,中立,非常同意,非常同意,同意,非常同意,非常不同意,非常同意,不同意,4-5次,非常同意,非常同意,中立,中立,同意,有,幾乎每個帖子都會表達反應／留言／分享一次,從不,從不,每日1小時內,從不,從不,每日3-4小時,有,每日1-2小時,每日1小時內,每日1小時內,每日1-2小時,每日1-2小時,有,每5至10個帖子會表達反應／留言／分享一次,從不,從不,從不,有,每5至10個帖子會表達反應／留言／分享一次,從不,從不,從不,沒有,,,,,幾乎每個帖子都會表達反應／留言／分享一次,從不,每5至10個帖子會表達反應／留言／分享一次,從不,信任,中立,信任,中立,不信任,信任,信任,中立,信任,中立,男,21,社會科學院,Year 4,學士
35,25/8/2020 01:34,25/8/2020 01:39,IP Address,223.17.216.174,100,271,TRUE,25/8/2020 01:39,R_2sQKa9snVTIQwUH,,,,,22.31669617,114.1832886,anonymous,EN,同意,同意,同意,中立,中立,同意,同意,同意,同意,同意,同意,不同意,同意,同意,同意,同意,非常同意,同意,同意,同意,同意,同意,同意,非常同意,同意,同意,同意,不同意,4-5次,同意,不同意,同意,同意,同意,有,從不,從不,從不,從不,從不,每日1小時內,每日1-2小時,有,每日1小時內,每日1小時內,從不,從不,從不,有,每30個以上帖子表達反應／留言／分享一次,每30個以上帖子表達反應／留言／分享一次,從不,每30個以上帖子表達反應／留言／分享一次,有,每30個以上帖子表達反應／留言／分享一次,每30個以上帖子表達反應／留言／分享一次,從不,從不,有,每10至30個帖子會表達反應／留言／分享一次,每30個以上帖子表達反應／留言／分享一次,從不,從不,每10至30個帖子會表達反應／留言／分享一次,從不,每30個以上帖子表達反應／留言／分享一次,從不,中立,不信任,中立,中立,中立,中立,中立,不信任,中立,中立,女,20,社會科學院,Year 4,學士
36,25/8/2020 01:52,25/8/2020 01:56,IP Address,138.19.110.127,100,248,TRUE,25/8/2020 01:56,R_2rD9HOfPMiUd54p,,,,,22.38330078,114.1832886,anonymous,EN,同意,同意,同意,同意,同意,同意,同意,同意,同意,同意,同意,中立,同意,同意,不同意,不同意,同意,同意,同意,同意,同意,不同意,不同意,同意,不同意,同意,同意,同意,1-3次,非常同意,同意,非常同意,同意,非常同意,沒有,,,,從不,從不,每日1小時內,每日1-2小時,有,每日1小時內,每日1小時內,每日1-2小時,每日1小時內,從不,有,每30個以上帖子表達反應／留言／分享一次,每30個以上帖子表達反應／留言／分享一次,每30個以上帖子表達反應／留言／分享一次,每30個以上帖子表達反應／留言／分享一次,有,每30個以上帖子表達反應／留言／分享一次,每30個以上帖子表達反應／留言／分享一次,每30個以上帖子表達反應／留言／分享一次,從不,沒有,,,,,每30個以上帖子表達反應／留言／分享一次,每30個以上帖子表達反應／留言／分享一次,每30個以上帖子表達反應／留言／分享一次,從不,信任,中立,中立,中立,不信任,信任,信任,非常不信任,信任,中立,男,20,社會科學院,Year 4,學士
37,25/8/2020 01:50,25/8/2020 01:56,IP Address,60.246.70.111,100,369,TRUE,25/8/2020 01:56,R_2t5x6gF0HLyAfol,,,,,22.19999695,113.5499878,anonymous,EN,非常同意,非常同意,同意,同意,同意,同意,同意,同意,同意,同意,同意,同意,同意,同意,中立,中立,同意,同意,同意,同意,同意,同意,中立,非常同意,非常同意,同意,中立,同意,1-3次,同意,同意,中立,非常同意,同意,有,幾乎每個帖子都會表達反應／留言／分享一次,每5至10個帖子會表達反應／留言／分享一次,每10至30個帖子會表達反應／留言／分享一次,每日1小時內,每日1小時內,每日1小時內,每日1-2小時,沒有,,,,,,,,,,,,,,,,,,,,,,,,,中立,中立,中立,中立,不信任,信任,中立,中立,信任,中立,男,20,工程學院,Year 3,學士
38,25/8/2020 02:00,25/8/2020 02:04,IP Address,182.239.89.92,100,288,TRUE,25/8/2020 02:04,R_2V7rbXcoDWYQdyi,,,,,22.27949524,114.1459961,anonymous,EN,非常同意,非常同意,非常同意,非常同意,非常同意,非常同意,非常同意,非常同意,非常同意,非常同意,非常同意,非常同意,非常同意,非常同意,非常同意,同意,非常同意,非常同意,同意,同意,同意,同意,非常同意,同意,非常同意,非常同意,非常同意,非常同意,4-5次,同意,同意,同意,同意,非常同意,有,幾乎每個帖子都會表達反應／留言／分享一次,每30個以上帖子表達反應／留言／分享一次,從不,每日1-2小時,每日1小時內,每日1小時內,每日1-2小時,有,每日1-2小時,每日1小時內,每日1小時內,每日1小時內,每日1小時內,有,幾乎每個帖子都會表達反應／留言／分享一次,每5至10個帖子會表達反應／留言／分享一次,從不,每5至10個帖子會表達反應／留言／分享一次,有,幾乎每個帖子都會表達反應／留言／分享一次,每5至10個帖子會表達反應／留言／分享一次,從不,每5至10個帖子會表達反應／留言／分享一次,有,每5至10個帖子會表達反應／留言／分享一次,每5至10個帖子會表達反應／留言／分享一次,每30個以上帖子表達反應／留言／分享一次,每5至10個帖子會表達反應／留言／分享一次,每5至10個帖子會表達反應／留言／分享一次,每10至30個帖子會表達反應／留言／分享一次,從不,每5至10個帖子會表達反應／留言／分享一次,信任,中立,中立,信任,中立,信任,信任,非常不信任,信任,中立,男,20,社會科學院,Year 3,學士
39,25/8/2020 02:09,25/8/2020 02:13,IP Address,124.217.188.161,100,253,TRUE,25/8/2020 02:13,R_3kujhr5af8hW5UA,,,,,22.27949524,114.1459961,anonymous,EN,同意,同意,同意,同意,同意,同意,中立,同意,中立,同意,同意,中立,非常同意,同意,同意,非常同意,同意,中立,同意,同意,同意,同意,同意,同意,同意,中立,中立,同意,1-3次,非常同意,同意,同意,同意,非常同意,沒有,,,,每日1-2小時,從不,每日1小時內,每日1-2小時,有,從不,每日1-2小時,每日1小時內,每日1小時內,每日1小時內,有,從不,從不,從不,從不,沒有,,,,,有,從不,從不,從不,從不,從不,從不,從不,從不,信任,中立,中立,信任,中立,信任,信任,信任,信任,中立,女,19,工程學院,Year 2,學士
40,25/8/2020 02:10,25/8/2020 02:15,IP Address,14.0.170.203,100,355,TRUE,25/8/2020 02:15,R_2EaFSNYjH04nspu,,,,,22.27949524,114.1459961,anonymous,EN,同意,同意,同意,同意,不同意,非常同意,同意,同意,同意,同意,同意,非常同意,同意,同意,同意,同意,同意,中立,同意,非常同意,非常同意,非常同意,非常同意,同意,同意,同意,同意,同意,4-5次,同意,同意,非常同意,非常同意,同意,有,每5至10個帖子會表達反應／留言／分享一次,每10至30個帖子會表達反應／留言／分享一次,每10至30個帖子會表達反應／留言／分享一次,從不,每日1小時內,從不,每日4小時以上,沒有,,,,,,,,,,,,,,,,,,,,,,,,,中立,非常不信任,中立,信任,信任,信任,信任,非常不信任,非常信任,中立,男,22,文學院,Year 4,學士
41,25/8/2020 02:35,25/8/2020 02:38,IP Address,137.189.240.36,100,189,TRUE,25/8/2020 02:38,R_sUvCnj72akMvIjv,,,,,22.27949524,114.1459961,anonymous,EN,同意,同意,非常同意,同意,同意,非常同意,同意,非常同意,中立,同意,同意,同意,非常同意,非常同意,同意,同意,非常同意,同意,不同意,同意,中立,同意,同意,同意,同意,非常同意,中立,中立,1-3次,不同意,同意,同意,同意,非常同意,沒有,,,,從不,從不,從不,每日1-2小時,沒有,,,,,,,,,,,,,,,,,,,,,,,,,信任,中立,中立,不信任,不信任,信任,信任,不信任,信任,中立,男,21,商學院,Year 4,學士
42,25/8/2020 02:38,25/8/2020 02:42,IP Address,119.247.128.173,100,218,TRUE,25/8/2020 02:42,R_1rCDAUwk3kZOQL5,,,,,22.27949524,114.1459961,anonymous,EN,同意,同意,中立,中立,同意,同意,中立,中立,同意,同意,同意,不同意,同意,同意,同意,不同意,同意,同意,中立,同意,同意,同意,不同意,同意,非常同意,同意,中立,同意,1-3次,不同意,中立,同意,非常同意,同意,有,每5至10個帖子會表達反應／留言／分享一次,每30個以上帖子表達反應／留言／分享一次,從不,從不,從不,從不,每日1小時內,沒有,,,,,,,,,,,,,,,,,,,,,,,,,中立,非常不信任,非常不信任,中立,信任,不信任,信任,非常不信任,信任,中立,男,21,工程學院,Year 4,學士
43,25/8/2020 03:33,25/8/2020 03:36,IP Address,223.17.79.166,100,178,TRUE,25/8/2020 03:36,R_VJq7Pwf4m085fTb,,,,,22.27949524,114.1459961,anonymous,EN,中立,中立,同意,不同意,不同意,中立,同意,同意,同意,中立,非常同意,同意,同意,同意,同意,同意,同意,同意,中立,非常同意,同意,同意,中立,非常同意,同意,同意,同意,同意,1-3次,非常同意,非常同意,非常同意,非常同意,同意,沒有,,,,每日1小時內,從不,每日1小時內,每日1-2小時,沒有,,,,,,,,,,,,,,,,,,,,,,,,,信任,不信任,中立,信任,中立,信任,信任,非常不信任,中立,中立,女,22,醫學院,Year 3,學士
44,25/8/2020 04:10,25/8/2020 04:15,IP Address,219.78.51.66,100,287,TRUE,25/8/2020 04:15,R_11Z3pgPFr0tz0Fj,,,,,22.27949524,114.1459961,anonymous,EN,同意,同意,同意,同意,中立,同意,中立,中立,中立,中立,中立,不同意,同意,同意,同意,不同意,同意,不同意,同意,同意,同意,同意,同意,同意,同意,中立,中立,不同意,4-5次,不同意,不同意,不同意,同意,同意,沒有,,,,從不,從不,每日1-2小時,每日1-2小時,有,每日1-2小時,每日1-2小時,從不,每日1小時內,從不,有,從不,從不,從不,從不,有,從不,從不,從不,從不,沒有,,,,,從不,從不,從不,從不,信任,信任,中立,信任,中立,信任,信任,信任,信任,中立,女,19,醫學院,Year 2,學士
45,25/8/2020 04:38,25/8/2020 04:41,IP Address,1.36.97.51,100,149,TRUE,25/8/2020 04:41,R_PLKcEc01TqLyE81,,,,,22.27949524,114.1459961,anonymous,EN,非常同意,非常同意,非常同意,同意,同意,同意,同意,同意,同意,同意,同意,不同意,同意,同意,同意,同意,同意,同意,同意,同意,同意,同意,同意,同意,同意,同意,同意,同意,0次,不同意,同意,同意,同意,同意,沒有,,,,從不,從不,每日1小時內,每日1-2小時,沒有,,,,,,,,,,,,,,,,,,,,,,,,,信任,信任,信任,信任,中立,信任,信任,中立,中立,中立,男,20,工程學院,Year 3,學士
46,25/8/2020 06:14,25/8/2020 06:17,IP Address,14.0.227.31,100,188,TRUE,25/8/2020 06:17,R_1rfFiVniwjC28MM,,,,,22.27949524,114.1459961,anonymous,EN,非常同意,非常同意,非常同意,中立,同意,同意,同意,同意,同意,同意,同意,不同意,非常同意,同意,同意,同意,同意,同意,不同意,同意,同意,同意,同意,同意,非常同意,中立,中立,中立,1-3次,不同意,中立,不同意,中立,中立,沒有,,,,每日1小時內,從不,每日1小時內,每日1小時內,沒有,,,,,,,,,,,,,,,,,,,,,,,,,中立,中立,中立,中立,中立,中立,中立,中立,中立,中立,男,21,社會科學院,Year 4,學士
47,25/8/2020 06:31,25/8/2020 06:33,IP Address,125.59.163.38,100,157,TRUE,25/8/2020 06:33,R_31u3gs1FTKoOUCP,,,,,22.28329468,113.9500122,anonymous,EN,非常同意,非常同意,非常同意,非常同意,非常同意,非常同意,非常同意,非常同意,非常同意,非常同意,非常同意,非常同意,非常同意,非常同意,非常同意,中立,非常同意,中立,不同意,非常同意,非常同意,非常同意,非常同意,非常同意,非常同意,非常同意,非常同意,非常同意,1-3次,同意,非常同意,非常同意,非常同意,非常同意,沒有,,,,從不,從不,從不,每日1小時內,沒有,,,,,,,,,,,,,,,,,,,,,,,,,中立,中立,中立,中立,中立,信任,中立,非常不信任,信任,中立,男,21,社會科學院,Year 4,學士
48,25/8/2020 07:11,25/8/2020 07:20,IP Address,223.18.202.122,100,583,TRUE,25/8/2020 07:20,R_YQxJrt1y4jx9uzn,,,,,22.38330078,114.1832886,anonymous,EN,同意,同意,同意,同意,同意,同意,中立,同意,中立,同意,中立,同意,同意,同意,同意,同意,同意,中立,不同意,同意,中立,中立,中立,同意,同意,同意,同意,同意,1-3次,同意,中立,同意,同意,同意,沒有,,,,從不,每日1小時內,每日1小時內,每日1小時內,有,每日1小時內,每日1-2小時,每日1小時內,每日1小時內,每日1小時內,有,每10至30個帖子會表達反應／留言／分享一次,每30個以上帖子表達反應／留言／分享一次,從不,每30個以上帖子表達反應／留言／分享一次,有,每30個以上帖子表達反應／留言／分享一次,每30個以上帖子表達反應／留言／分享一次,從不,每30個以上帖子表達反應／留言／分享一次,沒有,,,,,每30個以上帖子表達反應／留言／分享一次,每30個以上帖子表達反應／留言／分享一次,從不,每30個以上帖子表達反應／留言／分享一次,中立,中立,信任,信任,中立,中立,中立,中立,中立,中立,女,19,社會科學院,Year 2,學士
49,25/8/2020 07:28,25/8/2020 07:32,IP Address,183.179.132.242,100,189,TRUE,25/8/2020 07:32,R_2S1yuDQnTu1oRez,,,,,22.31669617,114.2167053,anonymous,EN,同意,同意,同意,同意,同意,非常同意,中立,中立,中立,同意,同意,中立,同意,同意,同意,同意,同意,同意,同意,中立,同意,中立,中立,同意,同意,同意,中立,中立,1-3次,不同意,同意,同意,同意,同意,有,從不,從不,從不,每日1小時內,每日1小時內,每日1小時內,每日1-2小時,有,每日1-2小時,每日1-2小時,從不,每日1小時內,每日1小時內,有,每30個以上帖子表達反應／留言／分享一次,從不,從不,從不,沒有,,,,,沒有,,,,,從不,從不,從不,從不,信任,信任,信任,信任,信任,信任,信任,中立,非常信任,中立,男,19,社會科學院,Year 2,學士
50,25/8/2020 07:34,25/8/2020 07:37,IP Address,61.238.221.133,100,163,TRUE,25/8/2020 07:37,R_elpmvhDqt3ZmeWJ,,,,,22.31669617,114.2167053,anonymous,EN,同意,同意,同意,同意,同意,同意,同意,同意,同意,同意,同意,同意,同意,同意,同意,中立,同意,同意,非常同意,同意,同意,同意,中立,同意,同意,同意,同意,同意,1-3次,不同意,中立,中立,同意,同意,有,每30個以上帖子表達反應／留言／分享一次,從不,從不,每日1-2小時,每日1-2小時,每日1-2小時,每日1小時內,沒有,,,,,,,,,,,,,,,,,,,,,,,,,信任,信任,信任,信任,非常不信任,中立,中立,信任,信任,中立,男,19,社會科學院,Year 2,學士
51,25/8/2020 07:38,25/8/2020 07:44,IP Address,116.49.213.31,100,353,TRUE,25/8/2020 07:44,R_78ptcJtzeaNTjkR,,,,,22.27949524,114.1459961,anonymous,EN,非常同意,同意,同意,中立,同意,不同意,不同意,不同意,同意,同意,中立,非常同意,非常同意,非常同意,非常同意,非常同意,非常同意,中立,不同意,非常同意,中立,非常同意,中立,非常同意,非常同意,中立,非常同意,非常同意,1-3次,同意,同意,非常同意,非常同意,非常同意,有,每10至30個帖子會表達反應／留言／分享一次,每10至30個帖子會表達反應／留言／分享一次,從不,每日1小時內,從不,每日3-4小時,每日3-4小時,有,每日1-2小時,每日1-2小時,每日1小時內,每日1小時內,每日1小時內,有,每10至30個帖子會表達反應／留言／分享一次,每5至10個帖子會表達反應／留言／分享一次,從不,每10至30個帖子會表達反應／留言／分享一次,有,每5至10個帖子會表達反應／留言／分享一次,每5至10個帖子會表達反應／留言／分享一次,每10至30個帖子會表達反應／留言／分享一次,每10至30個帖子會表達反應／留言／分享一次,有,從不,從不,從不,從不,每30個以上帖子表達反應／留言／分享一次,每30個以上帖子表達反應／留言／分享一次,從不,從不,信任,非常信任,中立,信任,中立,信任,信任,中立,信任,不信任,女,20,社會科學院,Year 3,學士
52,25/8/2020 08:00,25/8/2020 08:08,IP Address,14.0.170.76,100,442,TRUE,25/8/2020 08:08,R_3FLnYjHQ7ZL6B1K,,,,,22.27949524,114.1459961,anonymous,EN,同意,中立,中立,不同意,不同意,中立,同意,中立,不同意,不同意,不同意,同意,同意,非常同意,同意,同意,非常同意,中立,同意,不同意,不同意,中立,同意,同意,非常同意,中立,非常同意,同意,1-3次,不同意,同意,同意,同意,同意,有,每10至30個帖子會表達反應／留言／分享一次,從不,從不,從不,每日1小時內,每日1小時內,每日1-2小時,有,每日1-2小時,每日1-2小時,從不,每日1小時內,每日1小時內,有,每10至30個帖子會表達反應／留言／分享一次,每30個以上帖子表達反應／留言／分享一次,從不,每30個以上帖子表達反應／留言／分享一次,有,每10至30個帖子會表達反應／留言／分享一次,每30個以上帖子表達反應／留言／分享一次,從不,每30個以上帖子表達反應／留言／分享一次,沒有,,,,,每30個以上帖子表達反應／留言／分享一次,每30個以上帖子表達反應／留言／分享一次,從不,每30個以上帖子表達反應／留言／分享一次,信任,信任,信任,信任,不信任,中立,信任,中立,中立,不信任,女,21,社會科學院,Year 4,學士
53,25/8/2020 08:46,25/8/2020 08:52,IP Address,58.176.60.18,100,363,TRUE,25/8/2020 08:52,R_2dHgOaCT6ELmggd,,,,,22.27949524,114.1459961,anonymous,EN,同意,同意,同意,中立,中立,同意,同意,同意,同意,同意,同意,中立,同意,同意,同意,同意,同意,同意,同意,同意,同意,同意,同意,同意,同意,同意,同意,中立,1-3次,不同意,不同意,同意,同意,同意,沒有,,,,從不,從不,每日1-2小時,每日1-2小時,沒有,,,,,,,,,,,,,,,,,,,,,,,,,信任,信任,中立,中立,中立,信任,中立,信任,信任,信任,女,19,社會科學院,Year 1,學士
54,25/8/2020 09:02,25/8/2020 09:06,IP Address,1.65.147.185,100,195,TRUE,25/8/2020 09:06,R_3EiMppVw4b9RR6g,,,,,22.27949524,114.1459961,anonymous,EN,同意,同意,同意,中立,同意,同意,同意,非常同意,同意,同意,同意,中立,非常同意,同意,同意,不同意,同意,同意,非常同意,非常不同意,同意,同意,中立,同意,中立,非常同意,同意,中立,4-5次,中立,中立,非常同意,非常同意,同意,沒有,,,,每日1小時內,從不,每日1小時內,從不,沒有,,,,,,,,,,,,,,,,,,,,,,,,,中立,中立,中立,中立,中立,信任,中立,信任,中立,中立,女,19,理學院,Year 2,學士
55,25/8/2020 13:36,25/8/2020 13:40,IP Address,113.252.197.195,100,233,TRUE,25/8/2020 13:40,R_2v387uBtjsikovh,,,,,22.27949524,114.1459961,anonymous,EN,同意,同意,同意,中立,同意,非常同意,非常同意,同意,中立,同意,中立,中立,非常同意,非常同意,同意,中立,同意,中立,非常同意,同意,中立,中立,中立,中立,非常同意,非常同意,中立,同意,1-3次,不同意,中立,中立,同意,中立,沒有,,,,從不,從不,從不,每日1小時內,沒有,,,,,,,,,,,,,,,,,,,,,,,,,中立,不信任,信任,信任,中立,不信任,中立,不信任,信任,不信任,男,19,社會科學院,Year 2,學士
56,25/8/2020 18:23,25/8/2020 18:26,IP Address,14.0.231.140,100,189,TRUE,25/8/2020 18:26,R_3NxfAxBFZ9QFTwo,,,,,22.27949524,114.1459961,anonymous,EN,同意,同意,同意,同意,中立,同意,同意,同意,同意,同意,同意,同意,同意,同意,同意,同意,同意,同意,非常同意,同意,同意,同意,中立,同意,同意,同意,中立,同意,1-3次,中立,同意,同意,同意,同意,有,每30個以上帖子表達反應／留言／分享一次,每30個以上帖子表達反應／留言／分享一次,從不,每日1小時內,每日1小時內,每日1小時內,每日1小時內,沒有,,,,,,,,,,,,,,,,,,,,,,,,,信任,信任,信任,信任,中立,信任,中立,非常不信任,信任,中立,女,21,社會科學院,Year 4,學士
57,25/8/2020 10:03,25/8/2020 18:29,IP Address,182.239.122.146,100,30339,TRUE,25/8/2020 18:29,R_2dNgzgRQHg1biVF,,,,,22.27949524,114.1459961,anonymous,EN,非常同意,非常同意,非常同意,同意,同意,同意,同意,同意,同意,同意,同意,同意,同意,同意,同意,同意,非常同意,同意,不同意,同意,同意,同意,不同意,同意,同意,同意,同意,不同意,4-5次,不同意,不同意,同意,同意,同意,有,從不,每30個以上帖子表達反應／留言／分享一次,從不,每日1小時內,每日1-2小時,每日1小時內,每日1-2小時,沒有,,,,,,,,,,,,,,,,,,,,,,,,,中立,中立,信任,中立,中立,中立,中立,中立,信任,中立,女,20,社會科學院,Year 2,學士
58,25/8/2020 07:24,25/8/2020 21:55,IP Address,58.176.244.59,100,52237,TRUE,25/8/2020 21:55,R_1M4ij1Dn0GlYh59,,,,,22.27949524,114.1459961,anonymous,EN,同意,同意,同意,同意,同意,同意,不同意,同意,不同意,同意,同意,中立,非常同意,非常同意,同意,同意,同意,中立,非常同意,同意,同意,同意,非常同意,同意,非常同意,同意,不同意,同意,1-3次,不同意,中立,同意,同意,中立,沒有,,,,從不,從不,每日1-2小時,每日1小時內,沒有,,,,,,,,,,,,,,,,,,,,,,,,,信任,信任,中立,信任,中立,非常信任,信任,中立,非常信任,中立,女,19,社會科學院,Year 2,學士
59,26/8/2020 00:26,26/8/2020 00:35,IP Address,223.16.3.33,100,530,TRUE,26/8/2020 00:35,R_OetvdJqyok7x2TL,,,,,22.27949524,114.1459961,anonymous,EN,非常同意,同意,中立,不同意,不同意,同意,中立,非常同意,不同意,不同意,不同意,不同意,非常同意,非常同意,中立,同意,同意,不同意,非常同意,中立,同意,同意,同意,同意,非常同意,同意,中立,非常不同意,1-3次,非常不同意,中立,同意,不同意,同意,沒有,,,,從不,從不,每日1-2小時,每日3-4小時,沒有,,,,,,,,,,,,,,,,,,,,,,,,,信任,信任,信任,中立,不信任,非常信任,信任,中立,中立,信任,男,19,工程學院,Year 1,學士
60,26/8/2020 00:48,26/8/2020 00:52,IP Address,219.76.38.30,100,231,TRUE,26/8/2020 00:52,R_2vYyx00bnct9er8,,,,,22.27949524,114.1459961,anonymous,EN,同意,同意,同意,同意,同意,同意,同意,同意,同意,同意,同意,同意,同意,同意,同意,同意,同意,同意,同意,同意,同意,同意,同意,同意,同意,同意,同意,同意,1-3次,同意,同意,同意,同意,同意,有,每10至30個帖子會表達反應／留言／分享一次,從不,從不,從不,從不,從不,每日1-2小時,沒有,,,,,,,,,,,,,,,,,,,,,,,,,中立,中立,中立,中立,中立,中立,中立,非常不信任,中立,中立,不透露,23,工程學院,Year 3,學士
61,25/8/2020 01:48,26/8/2020 01:14,IP Address,110.235.32.71,100,84374,TRUE,26/8/2020 01:14,R_RdWE2fH2ypQffoZ,,,,,22.27949524,114.1459961,anonymous,EN,同意,中立,同意,中立,同意,同意,同意,同意,中立,同意,同意,中立,中立,同意,同意,中立,同意,中立,中立,中立,同意,中立,中立,同意,同意,同意,中立,中立,1-3次,中立,中立,中立,同意,中立,沒有,,,,每日1小時內,從不,每日4小時以上,每日1小時內,沒有,,,,,,,,,,,,,,,,,,,,,,,,,中立,中立,中立,中立,中立,中立,中立,中立,中立,中立,不透露,20,工程學院,Year 3,學士
62,26/8/2020 23:07,26/8/2020 23:15,IP Address,182.239.117.190,100,467,TRUE,26/8/2020 23:15,R_2S35q13ErfB47oL,,,,,22.27949524,114.1459961,anonymous,EN,同意,中立,非常同意,同意,同意,同意,同意,同意,同意,同意,同意,同意,非常同意,同意,同意,同意,同意,同意,同意,同意,中立,同意,中立,同意,同意,同意,同意,同意,1-3次,非常同意,非常同意,非常同意,非常同意,中立,有,從不,每30個以上帖子表達反應／留言／分享一次,從不,每日1-2小時,每日1-2小時,每日1小時內,每日1小時內,有,從不,每日1小時內,每日1-2小時,每日1-2小時,每日1小時內,有,從不,從不,從不,從不,有,從不,從不,從不,從不,有,從不,從不,從不,從不,從不,從不,從不,從不,信任,中立,信任,信任,中立,中立,中立,中立,中立,中立,男,22,工程學院,Year 4,學士
63,26/8/2020 23:50,26/8/2020 23:56,IP Address,113.254.176.246,100,342,TRUE,26/8/2020 23:56,R_3iDzWfAPU0DocS9,,,,,22.27949524,114.1459961,anonymous,EN,同意,同意,同意,同意,中立,同意,同意,同意,不同意,同意,同意,同意,同意,同意,同意,同意,同意,同意,同意,同意,同意,同意,中立,非常同意,非常同意,同意,不同意,不同意,6-7次,不同意,同意,同意,同意,同意,沒有,,,,從不,從不,從不,每日1-2小時,有,每日1小時內,每日1小時內,每日1小時內,每日1小時內,從不,有,從不,從不,從不,從不,有,每30個以上帖子表達反應／留言／分享一次,從不,從不,從不,沒有,,,,,每30個以上帖子表達反應／留言／分享一次,從不,從不,從不,中立,中立,中立,中立,中立,中立,中立,中立,信任,中立,女,21,工程學院,Year 3,學士
64,27/8/2020 00:50,27/8/2020 00:56,IP Address,223.255.165.246,100,360,TRUE,27/8/2020 00:56,R_1MMA9AFcpWUMFQV,,,,,22.27949524,114.1459961,anonymous,EN,同意,中立,中立,不同意,同意,同意,同意,同意,同意,同意,同意,不同意,同意,非常同意,同意,同意,同意,非常同意,不同意,同意,同意,同意,不同意,同意,非常同意,同意,同意,不同意,4-5次,不同意,不同意,不同意,同意,同意,有,從不,每30個以上帖子表達反應／留言／分享一次,從不,從不,從不,從不,每日1小時內,有,每日1-2小時,每日1小時內,從不,每日1小時內,從不,有,從不,每10至30個帖子會表達反應／留言／分享一次,從不,從不,有,每10至30個帖子會表達反應／留言／分享一次,每10至30個帖子會表達反應／留言／分享一次,從不,從不,沒有,,,,,從不,從不,從不,從不,信任,中立,中立,信任,信任,信任,信任,不信任,中立,中立,女,21,工程學院,Year 3,學士
65,27/8/2020 01:40,27/8/2020 01:43,IP Address,223.197.186.226,100,158,TRUE,27/8/2020 01:43,R_2QPREfGo6AanRtT,,,,,22.27949524,114.1459961,anonymous,EN,非常同意,非常同意,非常同意,非常同意,同意,非常同意,同意,同意,同意,非常同意,非常同意,中立,非常同意,非常同意,同意,不同意,同意,非常同意,同意,同意,同意,同意,非常同意,非常同意,非常同意,非常同意,非常同意,非常同意,1-3次,中立,中立,同意,同意,同意,沒有,,,,從不,從不,從不,每日1小時內,沒有,,,,,,,,,,,,,,,,,,,,,,,,,信任,非常不信任,中立,信任,中立,信任,信任,不信任,中立,不信任,不透露,23,理學院,Year 3,學士
66,27/8/2020 10:19,27/8/2020 10:25,IP Address,218.250.238.145,100,313,TRUE,27/8/2020 10:25,R_1LTHmnHBZ7Ca6kh,,,,,22.27949524,114.1459961,anonymous,EN,非常同意,同意,同意,同意,同意,非常同意,同意,同意,同意,同意,同意,中立,同意,非常同意,同意,同意,非常同意,同意,非常同意,同意,非常同意,同意,同意,同意,同意,同意,同意,同意,1-3次,同意,同意,同意,同意,同意,沒有,,,,從不,從不,每日1小時內,每日1小時內,有,每日1小時內,每日1小時內,每日1小時內,從不,從不,沒有,,,,,沒有,,,,,沒有,,,,,每5至10個帖子會表達反應／留言／分享一次,每30個以上帖子表達反應／留言／分享一次,每10至30個帖子會表達反應／留言／分享一次,每10至30個帖子會表達反應／留言／分享一次,中立,中立,中立,中立,中立,中立,中立,中立,信任,信任,男,21,工程學院,Year 2,學士
67,27/8/2020 10:26,27/8/2020 10:31,IP Address,218.250.32.52,100,257,TRUE,27/8/2020 10:31,R_2drSmhbjMBKZz2W,,,,,22.27949524,114.1459961,anonymous,EN,非常同意,同意,同意,中立,非常同意,同意,中立,同意,不同意,同意,同意,同意,同意,非常同意,同意,同意,非常同意,同意,同意,同意,同意,中立,中立,同意,非常同意,中立,同意,同意,1-3次,中立,中立,同意,同意,同意,有,每10至30個帖子會表達反應／留言／分享一次,每10至30個帖子會表達反應／留言／分享一次,每10至30個帖子會表達反應／留言／分享一次,從不,從不,每日1小時內,每日1小時內,沒有,,,,,,,,,,,,,,,,,,,,,,,,,中立,中立,中立,信任,中立,中立,中立,不信任,信任,中立,不透露,20,工程學院,Year 3,學士
68,27/8/2020 19:50,27/8/2020 19:54,IP Address,59.149.124.25,100,229,TRUE,27/8/2020 19:54,R_3KHoLcp1lpf3HeT,,,,,22.27949524,114.1459961,anonymous,EN,同意,同意,同意,同意,同意,同意,同意,同意,同意,同意,同意,同意,非常同意,同意,同意,同意,同意,同意,中立,同意,同意,同意,同意,同意,同意,同意,同意,同意,1-3次,同意,同意,同意,同意,中立,有,每30個以上帖子表達反應／留言／分享一次,每30個以上帖子表達反應／留言／分享一次,每30個以上帖子表達反應／留言／分享一次,每日1小時內,從不,每日1-2小時,每日3-4小時,有,每日1-2小時,每日1-2小時,每日1小時內,每日1-2小時,從不,有,每30個以上帖子表達反應／留言／分享一次,每30個以上帖子表達反應／留言／分享一次,從不,每10至30個帖子會表達反應／留言／分享一次,有,從不,每10至30個帖子會表達反應／留言／分享一次,每10至30個帖子會表達反應／留言／分享一次,每10至30個帖子會表達反應／留言／分享一次,沒有,,,,,每5至10個帖子會表達反應／留言／分享一次,每5至10個帖子會表達反應／留言／分享一次,每5至10個帖子會表達反應／留言／分享一次,每5至10個帖子會表達反應／留言／分享一次,信任,信任,中立,信任,信任,信任,信任,中立,信任,信任,男,22,工程學院,Year 4,學士
69,28/8/2020 05:17,28/8/2020 05:20,IP Address,219.78.167.231,100,211,TRUE,28/8/2020 05:20,R_22MrBQPuPDz8DJi,,,,,22.3999939,114.2333069,anonymous,EN,同意,同意,同意,同意,同意,同意,中立,中立,同意,同意,同意,不同意,中立,中立,同意,非常不同意,同意,同意,中立,同意,同意,同意,同意,同意,同意,不同意,不同意,同意,1-3次,同意,同意,中立,同意,同意,有,每10至30個帖子會表達反應／留言／分享一次,每30個以上帖子表達反應／留言／分享一次,每30個以上帖子表達反應／留言／分享一次,每日1小時內,每日1小時內,每日1小時內,每日1小時內,沒有,,,,,,,,,,,,,,,,,,,,,,,,,信任,中立,信任,信任,信任,信任,信任,不信任,信任,中立,男,21,工程學院,Year 4,學士
70,23/8/2020 02:52,23/8/2020 02:52,IP Address,210.6.24.29,4,9,FALSE,30/8/2020 02:52,R_yTKFlocYYbZx4sN,,,,,,,anonymous,EN,,,,,,,,,,,,,,,,,,,,,,,,,,,,,,,,,,,,,,,,,,,,,,,,,,,,,,,,,,,,,,,,,,,,,,,,,,,,,,,,,,
71,24/8/2020 23:17,24/8/2020 23:17,IP Address,50.71.64.44,4,3,FALSE,31/8/2020 23:17,R_3DJuUB1YUnLP9IJ,,,,,,,anonymous,EN,,,,,,,,,,,,,,,,,,,,,,,,,,,,,,,,,,,,,,,,,,,,,,,,,,,,,,,,,,,,,,,,,,,,,,,,,,,,,,,,,,
72,24/8/2020 23:23,24/8/2020 23:23,IP Address,220.86.232.19,4,6,FALSE,31/8/2020 23:23,R_3eqvZD22FKwWysa,,,,,,,anonymous,EN,,,,,,,,,,,,,,,,,,,,,,,,,,,,,,,,,,,,,,,,,,,,,,,,,,,,,,,,,,,,,,,,,,,,,,,,,,,,,,,,,,
73,24/8/2020 23:39,24/8/2020 23:39,IP Address,91.193.7.41,4,3,FALSE,31/8/2020 23:39,R_QnY31f8RoKjII0N,,,,,,,anonymous,EN,,,,,,,,,,,,,,,,,,,,,,,,,,,,,,,,,,,,,,,,,,,,,,,,,,,,,,,,,,,,,,,,,,,,,,,,,,,,,,,,,,
74,24/8/2020 23:45,24/8/2020 23:45,IP Address,49.130.209.224,4,5,FALSE,31/8/2020 23:46,R_2Uc7gj4arsyvua0,,,,,,,anonymous,EN,,,,,,,,,,,,,,,,,,,,,,,,,,,,,,,,,,,,,,,,,,,,,,,,,,,,,,,,,,,,,,,,,,,,,,,,,,,,,,,,,,
75,25/8/2020 00:03,25/8/2020 00:03,IP Address,123.203.25.101,4,2,FALSE,1/9/2020 00:03,R_1KfC7ZvBA3cljCw,,,,,,,anonymous,EN,,,,,,,,,,,,,,,,,,,,,,,,,,,,,,,,,,,,,,,,,,,,,,,,,,,,,,,,,,,,,,,,,,,,,,,,,,,,,,,,,,
76,25/8/2020 00:18,25/8/2020 00:18,IP Address,223.17.33.157,4,13,FALSE,1/9/2020 00:18,R_2abomNBQpeaNiun,,,,,,,anonymous,EN,,,,,,,,,,,,,,,,,,,,,,,,,,,,,,,,,,,,,,,,,,,,,,,,,,,,,,,,,,,,,,,,,,,,,,,,,,,,,,,,,,
77,25/8/2020 01:40,25/8/2020 01:40,IP Address,125.59.170.3,4,2,FALSE,1/9/2020 01:40,R_QaWZUnCTNZnkPjr,,,,,,,anonymous,EN,,,,,,,,,,,,,,,,,,,,,,,,,,,,,,,,,,,,,,,,,,,,,,,,,,,,,,,,,,,,,,,,,,,,,,,,,,,,,,,,,,
78,25/8/2020 01:50,25/8/2020 01:51,IP Address,219.78.160.30,4,44,FALSE,1/9/2020 01:51,R_3qsobNf8kYinZGX,,,,,,,anonymous,EN,,,,,,,,,,,,,,,,,,,,,,,,,,,,,,,,,,,,,,,,,,,,,,,,,,,,,,,,,,,,,,,,,,,,,,,,,,,,,,,,,,
79,25/8/2020 01:51,25/8/2020 01:51,IP Address,221.127.62.170,4,4,FALSE,1/9/2020 01:51,R_1jAJVnrM1GuMshb,,,,,,,anonymous,EN,,,,,,,,,,,,,,,,,,,,,,,,,,,,,,,,,,,,,,,,,,,,,,,,,,,,,,,,,,,,,,,,,,,,,,,,,,,,,,,,,,
80,25/8/2020 05:07,25/8/2020 05:07,IP Address,112.119.134.45,4,1,FALSE,1/9/2020 05:07,R_3qaQIiSTkRY4g6M,,,,,,,anonymous,EN,,,,,,,,,,,,,,,,,,,,,,,,,,,,,,,,,,,,,,,,,,,,,,,,,,,,,,,,,,,,,,,,,,,,,,,,,,,,,,,,,,
81,25/8/2020 07:06,25/8/2020 07:06,IP Address,113.255.215.47,4,12,FALSE,1/9/2020 07:06,R_egSbjWNM7RLFSQV,,,,,,,anonymous,EN,,,,,,,,,,,,,,,,,,,,,,,,,,,,,,,,,,,,,,,,,,,,,,,,,,,,,,,,,,,,,,,,,,,,,,,,,,,,,,,,,,
82,25/8/2020 07:26,25/8/2020 07:26,IP Address,14.0.227.173,4,6,FALSE,1/9/2020 07:26,R_3lDm0fFFKeqhVeM,,,,,,,anonymous,EN,,,,,,,,,,,,,,,,,,,,,,,,,,,,,,,,,,,,,,,,,,,,,,,,,,,,,,,,,,,,,,,,,,,,,,,,,,,,,,,,,,
83,25/8/2020 07:26,25/8/2020 07:28,IP Address,14.198.72.214,36,132,FALSE,1/9/2020 07:28,R_2YKCFLHljbWVtJ8,,,,,,,anonymous,EN,非常同意,非常同意,非常同意,同意,不同意,非常同意,非常同意,同意,非常同意,非常同意,非常同意,同意,非常同意,非常同意,非常同意,中立,非常同意,同意,同意,非常同意,非常同意,非常同意,非常同意,非常同意,非常同意,非常同意,非常同意,同意,4-5次,同意,同意,非常同意,非常同意,非常同意,有,,,,,,,,,,,,,,,,,,,,,,,,,,,,,,,,,,,,,,,,,,,,,,,
84,25/8/2020 10:36,25/8/2020 10:36,IP Address,58.152.252.131,4,2,FALSE,1/9/2020 10:37,R_2AFtClIDiAtQoX2,,,,,,,anonymous,EN,,,,,,,,,,,,,,,,,,,,,,,,,,,,,,,,,,,,,,,,,,,,,,,,,,,,,,,,,,,,,,,,,,,,,,,,,,,,,,,,,,
85,25/8/2020 20:54,25/8/2020 20:56,IP Address,14.0.164.237,39,81,FALSE,1/9/2020 20:56,R_1M591ZgKdcfoZQ1,,,,,,,anonymous,EN,非常同意,非常同意,非常同意,非常同意,非常同意,非常同意,非常同意,非常同意,非常同意,非常同意,非常同意,非常同意,非常同意,非常同意,非常同意,非常同意,非常同意,非常同意,非常同意,非常同意,非常同意,非常同意,非常同意,非常同意,非常同意,非常同意,非常同意,非常同意,0次,非常同意,非常同意,非常同意,非常同意,非常同意,有,從不,幾乎每個帖子都會表達反應／留言／分享一次,從不,,,,,,,,,,,,,,,,,,,,,,,,,,,,,,,,,,,,,,,,,,,,
86,25/8/2020 20:56,25/8/2020 20:56,IP Address,14.0.164.237,4,2,FALSE,1/9/2020 20:56,R_1LS8tuUftpsT4pa,,,,,,,anonymous,EN,,,,,,,,,,,,,,,,,,,,,,,,,,,,,,,,,,,,,,,,,,,,,,,,,,,,,,,,,,,,,,,,,,,,,,,,,,,,,,,,,,
87,26/8/2020 10:09,26/8/2020 10:11,IP Address,168.70.47.58,21,100,FALSE,2/9/2020 10:11,R_21FlfopNtzQf6HC,,,,,,,anonymous,EN,同意,同意,同意,中立,同意,同意,同意,同意,同意,同意,同意,中立,同意,同意,同意,中立,同意,中立,中立,同意,同意,同意,同意,,,,,,,,,,,,,,,,,,,,,,,,,,,,,,,,,,,,,,,,,,,,,,,,,,,,,,,,,,,
88,26/8/2020 22:55,26/8/2020 22:55,IP Address,14.199.38.61,4,4,FALSE,2/9/2020 22:55,R_1f9sTUBVeZcW3jR,,,,,,,anonymous,EN,,,,,,,,,,,,,,,,,,,,,,,,,,,,,,,,,,,,,,,,,,,,,,,,,,,,,,,,,,,,,,,,,,,,,,,,,,,,,,,,,,
89,26/8/2020 23:13,26/8/2020 23:13,IP Address,218.252.118.39,4,3,FALSE,2/9/2020 23:13,R_2CJpQkltroldK8W,,,,,,,anonymous,EN,,,,,,,,,,,,,,,,,,,,,,,,,,,,,,,,,,,,,,,,,,,,,,,,,,,,,,,,,,,,,,,,,,,,,,,,,,,,,,,,,,
90,26/8/2020 23:19,26/8/2020 23:19,IP Address,182.239.90.210,4,15,FALSE,2/9/2020 23:20,R_3dJGur0W0lK6F1V,,,,,,,anonymous,EN,,,,,,,,,,,,,,,,,,,,,,,,,,,,,,,,,,,,,,,,,,,,,,,,,,,,,,,,,,,,,,,,,,,,,,,,,,,,,,,,,,
91,27/8/2020 01:29,27/8/2020 01:29,IP Address,14.198.74.232,4,5,FALSE,3/9/2020 01:29,R_3lEzonxFPmvdf4N,,,,,,,anonymous,EN,,,,,,,,,,,,,,,,,,,,,,,,,,,,,,,,,,,,,,,,,,,,,,,,,,,,,,,,,,,,,,,,,,,,,,,,,,,,,,,,,,
92,27/8/2020 07:31,27/8/2020 07:31,IP Address,59.149.149.87,4,3,FALSE,3/9/2020 07:31,R_3GdK0dArD6tpErC,,,,,,,anonymous,EN,,,,,,,,,,,,,,,,,,,,,,,,,,,,,,,,,,,,,,,,,,,,,,,,,,,,,,,,,,,,,,,,,,,,,,,,,,,,,,,,,,
93,27/8/2020 08:52,27/8/2020 08:52,IP Address,59.149.124.25,4,4,FALSE,3/9/2020 08:52,R_1JR3Yd53gwfhO6n,,,,,,,anonymous,EN,,,,,,,,,,,,,,,,,,,,,,,,,,,,,,,,,,,,,,,,,,,,,,,,,,,,,,,,,,,,,,,,,,,,,,,,,,,,,,,,,,
94,27/8/2020 09:13,27/8/2020 09:14,Spam,59.149.124.25,4,9,FALSE,3/9/2020 09:14,R_3lWeIMDeascej3U,,,,,,,anonymous,EN,,,,,,,,,,,,,,,,,,,,,,,,,,,,,,,,,,,,,,,,,,,,,,,,,,,,,,,,,,,,,,,,,,,,,,,,,,,,,,,,,,
95,27/8/2020 08:51,27/8/2020 09:57,IP Address,137.189.202.24,4,3970,FALSE,3/9/2020 09:58,R_2Xp8PmYdeTTcxy9,,,,,,,anonymous,EN,,,,,,,,,,,,,,,,,,,,,,,,,,,,,,,,,,,,,,,,,,,,,,,,,,,,,,,,,,,,,,,,,,,,,,,,,,,,,,,,,,
96,29/8/2020 08:00,29/8/2020 08:03,IP Address,168.70.113.227,4,158,FALSE,5/9/2020 08:03,R_2s4NjFMswm0gPi1,,,,,,,anonymous,EN,,,,,,,,,,,,,,,,,,,,,,,,,,,,,,,,,,,,,,,,,,,,,,,,,,,,,,,,,,,,,,,,,,,,,,,,,,,,,,,,,,
97,9/9/2020 11:30,9/9/2020 11:41,IP Address,61.18.214.177,100,661,TRUE,9/9/2020 11:41,R_SZEtLvpqDbs7jGh,,,,,22.25,114.1499939,anonymous,EN,同意,同意,同意,非常同意,同意,中立,同意,中立,中立,非常同意,同意,中立,非常同意,同意,同意,同意,非常同意,中立,同意,同意,中立,中立,中立,非常同意,非常同意,中立,同意,同意,6-7次,同意,不同意,同意,中立,同意,沒有,,,,每日1小時內,每日1小時內,每日3-4小時,每日4小時以上,沒有,,,,,,,,,,,,,,,,,,,,,,,,,中立,中立,中立,中立,中立,中立,中立,不信任,中立,中立,女,22,工程學院,Year 5,學士
98,10/9/2020 04:23,10/9/2020 04:28,IP Address,45.64.241.106,100,292,TRUE,10/9/2020 04:28,R_3J7NLlqyPnLpxwN,,,,,22.27949524,114.1459961,anonymous,EN,同意,同意,同意,同意,同意,同意,同意,同意,同意,同意,同意,同意,同意,同意,同意,中立,同意,同意,同意,同意,同意,同意,同意,同意,同意,同意,同意,同意,1-3次,同意,同意,同意,同意,同意,有,每10至30個帖子會表達反應／留言／分享一次,每30個以上帖子表達反應／留言／分享一次,從不,從不,從不,每日3-4小時,每日1-2小時,有,每日1-2小時,每日1小時內,每日1小時內,每日1小時內,從不,有,每10至30個帖子會表達反應／留言／分享一次,每30個以上帖子表達反應／留言／分享一次,從不,每30個以上帖子表達反應／留言／分享一次,有,每10至30個帖子會表達反應／留言／分享一次,每30個以上帖子表達反應／留言／分享一次,從不,每30個以上帖子表達反應／留言／分享一次,有,每30個以上帖子表達反應／留言／分享一次,從不,從不,從不,每30個以上帖子表達反應／留言／分享一次,從不,從不,從不,中立,中立,中立,中立,中立,中立,中立,中立,信任,中立,女,20,社會科學院,Year 4,學士
99,10/9/2020 05:47,10/9/2020 05:51,IP Address,42.2.154.2,100,194,TRUE,10/9/2020 05:51,R_3npJL6dH3ANVeqa,,,,,22.27949524,114.1459961,anonymous,EN,同意,同意,非常同意,中立,同意,同意,中立,同意,同意,同意,同意,中立,同意,同意,同意,同意,非常同意,同意,中立,同意,同意,同意,同意,同意,非常同意,中立,不同意,同意,1-3次,不同意,同意,中立,同意,同意,有,每10至30個帖子會表達反應／留言／分享一次,每30個以上帖子表達反應／留言／分享一次,從不,每日1小時內,從不,每日1-2小時,每日1小時內,有,每日1-2小時,每日1-2小時,每日1小時內,每日1小時內,每日1小時內,有,每10至30個帖子會表達反應／留言／分享一次,每30個以上帖子表達反應／留言／分享一次,從不,從不,有,每10至30個帖子會表達反應／留言／分享一次,每10至30個帖子會表達反應／留言／分享一次,從不,從不,沒有,,,,,從不,從不,從不,從不,信任,信任,信任,信任,信任,信任,信任,信任,信任,中立,女,19,法學院,Year 2,學士
100,10/9/2020 05:49,10/9/2020 05:55,IP Address,49.130.32.62,100,372,TRUE,10/9/2020 05:55,R_12zlsULEW5pg3D7,,,,,22.27949524,114.1459961,anonymous,EN,同意,非常同意,同意,中立,不同意,非常同意,不同意,同意,不同意,同意,同意,不同意,非常同意,同意,同意,非常同意,同意,中立,不同意,非常同意,同意,同意,同意,同意,非常同意,中立,同意,不同意,1-3次,不同意,不同意,同意,同意,同意,有,每10至30個帖子會表達反應／留言／分享一次,每30個以上帖子表達反應／留言／分享一次,從不,從不,從不,每日1小時內,每日3-4小時,有,每日1-2小時,每日3-4小時,從不,從不,每日1-2小時,有,每5至10個帖子會表達反應／留言／分享一次,每30個以上帖子表達反應／留言／分享一次,從不,每30個以上帖子表達反應／留言／分享一次,有,每5至10個帖子會表達反應／留言／分享一次,每30個以上帖子表達反應／留言／分享一次,從不,每30個以上帖子表達反應／留言／分享一次,沒有,,,,,每30個以上帖子表達反應／留言／分享一次,每30個以上帖子表達反應／留言／分享一次,從不,每30個以上帖子表達反應／留言／分享一次,信任,不信任,不信任,信任,不信任,信任,信任,信任,信任,中立,女,20,文學院,Year 3,學士
101,10/9/2020 05:53,10/9/2020 06:01,IP Address,14.0.228.163,100,505,TRUE,10/9/2020 06:01,R_1K3eGgtzliWMoLj,,,,,22.27949524,114.1459961,anonymous,EN,非常同意,非常同意,非常同意,不同意,同意,非常同意,中立,同意,不同意,同意,中立,不同意,非常同意,非常同意,非常同意,非常同意,非常同意,非常不同意,非常不同意,非常同意,非常同意,中立,不同意,非常同意,非常同意,非常不同意,非常不同意,非常不同意,7次以上,不同意,非常不同意,非常同意,非常不同意,非常同意,沒有,,,,從不,每日1小時內,從不,每日3-4小時,沒有,,,,,,,,,,,,,,,,,,,,,,,,,中立,不信任,中立,中立,中立,不信任,不信任,非常不信任,信任,信任,女,20,社會科學院,Year 3,學士
102,10/9/2020 05:57,10/9/2020 06:04,IP Address,14.0.236.108,100,472,TRUE,10/9/2020 06:04,R_0q5wH73DKyC02u5,,,,,22.27949524,114.1459961,anonymous,EN,中立,同意,中立,中立,中立,不同意,非常同意,同意,不同意,中立,中立,不同意,同意,非常同意,中立,不同意,中立,同意,中立,中立,同意,同意,中立,同意,同意,非常同意,同意,中立,7次以上,中立,中立,中立,同意,中立,有,從不,從不,從不,從不,每日1小時內,每日1小時內,每日1小時內,沒有,,,,,,,,,,,,,,,,,,,,,,,,,中立,不信任,中立,中立,中立,中立,中立,非常不信任,信任,不信任,男,19,理學院,Year 3,學士
103,10/9/2020 06:06,10/9/2020 06:13,IP Address,14.0.172.79,100,474,TRUE,10/9/2020 06:13,R_3qkUJGdWpcIbsul,,,,,22.27949524,114.1459961,anonymous,EN,同意,同意,同意,中立,不同意,同意,不同意,非常同意,中立,同意,同意,中立,非常同意,非常同意,非常同意,非常同意,非常同意,非常同意,非常同意,非常同意,同意,中立,同意,非常同意,同意,中立,同意,中立,1-3次,同意,非常同意,同意,同意,非常同意,沒有,,,,每日1-2小時,每日1小時內,從不,每日1小時內,有,每日1小時內,從不,從不,從不,每日1小時內,有,從不,從不,從不,從不,有,從不,從不,從不,從不,沒有,,,,,從不,從不,從不,從不,信任,不信任,信任,信任,不信任,信任,信任,中立,中立,中立,女,19,社會科學院,Year 3,學士
104,10/9/2020 06:16,10/9/2020 06:20,IP Address,182.239.88.173,100,243,TRUE,10/9/2020 06:20,R_1FJn6h3oKqK6g43,,,,,22.27949524,114.1459961,anonymous,EN,同意,同意,同意,非常同意,中立,非常同意,中立,同意,同意,同意,同意,非常同意,同意,同意,同意,同意,同意,同意,同意,同意,同意,非常同意,非常同意,非常同意,非常同意,中立,中立,中立,1-3次,中立,同意,同意,非常同意,非常同意,有,從不,每5至10個帖子會表達反應／留言／分享一次,從不,每日1小時內,從不,每日1小時內,每日1小時內,有,每日1小時內,每日1小時內,從不,從不,從不,有,每5至10個帖子會表達反應／留言／分享一次,從不,從不,從不,有,每5至10個帖子會表達反應／留言／分享一次,每10至30個帖子會表達反應／留言／分享一次,從不,從不,沒有,,,,,從不,從不,從不,從不,信任,中立,中立,信任,信任,信任,信任,不信任,信任,中立,女,20,文學院,Year 3,學士
105,10/9/2020 06:34,10/9/2020 06:37,IP Address,110.235.47.206,100,176,TRUE,10/9/2020 06:37,R_3Dw0dkeqF5iGl77,,,,,22.27949524,114.1459961,anonymous,EN,非常同意,非常同意,非常同意,非常同意,非常同意,非常同意,非常同意,非常同意,非常同意,同意,非常同意,同意,同意,同意,非常同意,非常同意,中立,非常同意,非常同意,同意,同意,同意,同意,同意,同意,同意,中立,同意,1-3次,非常同意,同意,非常同意,非常同意,非常同意,有,從不,從不,從不,從不,從不,從不,每日3-4小時,有,每日1-2小時,每日1小時內,從不,每日1-2小時,每日1-2小時,有,從不,從不,從不,從不,有,從不,從不,從不,從不,沒有,,,,,從不,從不,從不,從不,中立,不信任,信任,信任,信任,中立,信任,不信任,信任,中立,女,20,工程學院,Year 2,學士
106,11/9/2020 03:03,11/9/2020 03:07,IP Address,61.238.107.33,100,237,TRUE,11/9/2020 03:07,R_BMo8iEVJCAy0XRf,,,,,22.27949524,114.1459961,anonymous,EN,同意,同意,同意,中立,中立,同意,中立,中立,中立,不同意,不同意,不同意,同意,同意,同意,同意,同意,中立,不同意,同意,同意,同意,同意,同意,同意,中立,中立,同意,1-3次,中立,中立,同意,非常同意,同意,有,每30個以上帖子表達反應／留言／分享一次,每30個以上帖子表達反應／留言／分享一次,從不,從不,從不,每日4小時以上,每日3-4小時,有,每日3-4小時,每日3-4小時,從不,從不,從不,有,每10至30個帖子會表達反應／留言／分享一次,每30個以上帖子表達反應／留言／分享一次,從不,從不,有,每10至30個帖子會表達反應／留言／分享一次,每30個以上帖子表達反應／留言／分享一次,每30個以上帖子表達反應／留言／分享一次,從不,沒有,,,,,從不,從不,從不,從不,信任,中立,中立,信任,信任,信任,信任,不信任,信任,中立,女,21,商學院,Year 4,學士
107,11/9/2020 06:44,11/9/2020 06:48,IP Address,123.202.65.84,100,246,TRUE,11/9/2020 06:48,R_3MQbRFuNcsUpFRG,,,,,22.31669617,114.1832886,anonymous,EN,同意,同意,同意,不同意,同意,同意,同意,同意,同意,同意,同意,同意,非常同意,非常同意,非常同意,非常同意,非常同意,非常同意,非常同意,同意,同意,中立,不同意,非常同意,非常同意,非常同意,不同意,同意,4-5次,不同意,同意,同意,非常同意,非常同意,有,從不,從不,從不,從不,從不,從不,每日1-2小時,有,每日1-2小時,每日1小時內,每日1小時內,每日1小時內,從不,有,從不,從不,從不,每30個以上帖子表達反應／留言／分享一次,有,從不,從不,從不,從不,有,從不,從不,從不,從不,從不,從不,從不,從不,中立,中立,中立,中立,中立,中立,中立,中立,信任,中立,男,21,理學院,Year 4,學士
108,11/9/2020 06:54,11/9/2020 06:57,IP Address,182.239.85.222,100,197,TRUE,11/9/2020 06:57,R_8uClwYOWOtcydDX,,,,,22.27949524,114.1459961,anonymous,EN,同意,同意,同意,中立,同意,同意,非常同意,同意,中立,中立,中立,中立,非常同意,同意,非常同意,中立,非常同意,同意,同意,同意,同意,中立,中立,非常同意,非常同意,同意,中立,同意,4-5次,中立,中立,非常同意,同意,中立,有,從不,從不,從不,從不,從不,每日1小時內,每日1-2小時,沒有,,,,,,,,,,,,,,,,,,,,,,,,,中立,信任,中立,中立,中立,中立,中立,中立,信任,中立,男,21,理學院,Year 4,學士
109,10/9/2020 05:41,10/9/2020 05:42,IP Address,183.179.232.153,21,55,FALSE,17/9/2020 05:42,R_1pyufctuaPhrKiW,,,,,,,anonymous,EN,同意,同意,同意,同意,中立,同意,中立,中立,同意,中立,同意,同意,同意,同意,同意,中立,非常同意,同意,中立,同意,同意,同意,中立,,,,,,,,,,,,,,,,,,,,,,,,,,,,,,,,,,,,,,,,,,,,,,,,,,,,,,,,,,,
110,10/9/2020 05:52,10/9/2020 05:53,IP Address,42.2.88.207,4,7,FALSE,17/9/2020 05:53,R_1rqdLc5OYs7pz0Z,,,,,,,anonymous,EN,,,,,,,,,,,,,,,,,,,,,,,,,,,,,,,,,,,,,,,,,,,,,,,,,,,,,,,,,,,,,,,,,,,,,,,,,,,,,,,,,,
111,11/9/2020 02:56,11/9/2020 03:00,IP Address,219.73.67.173,21,254,FALSE,18/9/2020 03:00,R_31GCFVxmcASJWjN,,,,,,,anonymous,EN,非常同意,同意,同意,中立,同意,中立,同意,同意,中立,同意,同意,同意,同意,非常同意,同意,不同意,同意,同意,同意,同意,同意,同意,中立,,,,,,,,,,,,,,,,,,,,,,,,,,,,,,,,,,,,,,,,,,,,,,,,,,,,,,,,,,,
112,25/9/2020 02:52,25/9/2020 03:02,IP Address,112.119.95.242,100,650,TRUE,25/9/2020 03:02,R_XXooGCWjIyg2igp,,,,,22.27949524,114.1459961,anonymous,EN,同意,同意,同意,同意,中立,同意,中立,同意,同意,中立,同意,同意,同意,同意,中立,中立,同意,中立,不同意,中立,同意,同意,中立,同意,中立,同意,同意,不同意,4-5次,中立,同意,非常同意,同意,同意,有,每10至30個帖子會表達反應／留言／分享一次,每10至30個帖子會表達反應／留言／分享一次,從不,從不,每日1小時內,每日1小時內,每日1小時內,有,每日3-4小時,每日1小時內,從不,每日1小時內,從不,有,每10至30個帖子會表達反應／留言／分享一次,每5至10個帖子會表達反應／留言／分享一次,從不,每10至30個帖子會表達反應／留言／分享一次,有,每10至30個帖子會表達反應／留言／分享一次,每5至10個帖子會表達反應／留言／分享一次,從不,每10至30個帖子會表達反應／留言／分享一次,沒有,,,,,每30個以上帖子表達反應／留言／分享一次,每30個以上帖子表達反應／留言／分享一次,從不,從不,信任,信任,信任,中立,中立,信任,中立,不信任,非常信任,中立,女,20,社會科學院,Year 3,學士
113,25/9/2020 03:17,25/9/2020 03:22,IP Address,124.217.189.166,100,328,TRUE,25/9/2020 03:22,R_9sh8NC4WKCzR7oZ,,,,,22.27949524,114.1459961,anonymous,EN,同意,同意,同意,同意,同意,同意,同意,同意,同意,同意,同意,中立,同意,同意,同意,同意,非常同意,同意,中立,同意,同意,同意,同意,非常同意,非常同意,非常同意,非常同意,同意,1-3次,同意,中立,同意,同意,同意,有,每30個以上帖子表達反應／留言／分享一次,每30個以上帖子表達反應／留言／分享一次,每30個以上帖子表達反應／留言／分享一次,從不,每日1小時內,每日1小時內,每日1小時內,沒有,,,,,,,,,,,,,,,,,,,,,,,,,中立,中立,信任,信任,信任,信任,信任,信任,信任,信任,男,22,社會科學院,Year 4,學士
114,25/9/2020 03:21,25/9/2020 03:26,IP Address,219.78.184.155,100,317,TRUE,25/9/2020 03:26,R_1pMe8sOPPTp0yQY,,,,,22.27949524,114.1459961,anonymous,EN,非常同意,非常同意,非常同意,同意,同意,同意,中立,中立,同意,同意,同意,中立,中立,非常同意,同意,同意,同意,中立,不同意,同意,同意,同意,同意,同意,同意,同意,中立,中立,1-3次,同意,同意,非常同意,非常同意,非常同意,有,每30個以上帖子表達反應／留言／分享一次,從不,從不,每日1小時內,每日1小時內,每日1小時內,每日1-2小時,有,每日1-2小時,每日1-2小時,從不,從不,從不,有,每30個以上帖子表達反應／留言／分享一次,每30個以上帖子表達反應／留言／分享一次,每30個以上帖子表達反應／留言／分享一次,每30個以上帖子表達反應／留言／分享一次,有,每30個以上帖子表達反應／留言／分享一次,每30個以上帖子表達反應／留言／分享一次,每30個以上帖子表達反應／留言／分享一次,每30個以上帖子表達反應／留言／分享一次,有,從不,從不,從不,從不,每30個以上帖子表達反應／留言／分享一次,每30個以上帖子表達反應／留言／分享一次,每30個以上帖子表達反應／留言／分享一次,每30個以上帖子表達反應／留言／分享一次,中立,中立,信任,信任,中立,信任,信任,信任,信任,信任,女,22,社會科學院,Year 4,學士
115,25/9/2020 03:25,25/9/2020 03:41,IP Address,112.119.95.242,100,973,TRUE,25/9/2020 03:41,R_2P7taHfBjPsalga,,,,,22.27949524,114.1459961,anonymous,EN,同意,同意,同意,中立,同意,中立,中立,同意,不同意,同意,同意,不同意,同意,同意,同意,中立,同意,中立,不同意,同意,中立,同意,中立,非常同意,同意,同意,中立,同意,1-3次,中立,同意,同意,同意,同意,有,每10至30個帖子會表達反應／留言／分享一次,每10至30個帖子會表達反應／留言／分享一次,從不,從不,從不,從不,每日1小時內,有,每日1-2小時,從不,每日1-2小時,每日1小時內,從不,有,每10至30個帖子會表達反應／留言／分享一次,每10至30個帖子會表達反應／留言／分享一次,從不,從不,有,每10至30個帖子會表達反應／留言／分享一次,每10至30個帖子會表達反應／留言／分享一次,從不,從不,沒有,,,,,每30個以上帖子表達反應／留言／分享一次,每30個以上帖子表達反應／留言／分享一次,從不,從不,中立,中立,中立,中立,中立,中立,中立,不信任,非常信任,信任,女,20,文學院,Year 2,學士
116,25/9/2020 04:38,25/9/2020 04:41,IP Address,14.0.224.114,100,178,TRUE,25/9/2020 04:41,R_31mCTNKTpdGiP65,,,,,22.27949524,114.1459961,anonymous,EN,同意,同意,同意,同意,同意,同意,同意,同意,中立,同意,同意,同意,同意,同意,同意,中立,同意,中立,中立,同意,同意,同意,中立,同意,同意,同意,中立,中立,1-3次,同意,同意,中立,中立,同意,沒有,,,,每日1小時內,每日1小時內,每日1小時內,每日1小時內,沒有,,,,,,,,,,,,,,,,,,,,,,,,,中立,中立,中立,中立,中立,中立,中立,中立,信任,信任,女,25,社會科學院,Year 4,學士
117,25/9/2020 04:54,25/9/2020 04:59,IP Address,119.236.242.120,100,332,TRUE,25/9/2020 04:59,R_2YS0Z1KMQQiJLc4,,,,,22.31669617,114.166687,anonymous,EN,非常同意,非常同意,非常同意,非常同意,中立,同意,同意,同意,同意,同意,同意,中立,非常同意,非常同意,同意,同意,非常同意,同意,不同意,非常同意,同意,同意,中立,非常同意,非常同意,同意,同意,中立,1-3次,非常同意,同意,非常同意,非常同意,非常同意,沒有,,,,從不,從不,每日1小時內,每日1小時內,有,每日1小時內,每日1小時內,每日1小時內,從不,從不,有,幾乎每個帖子都會表達反應／留言／分享一次,每5至10個帖子會表達反應／留言／分享一次,每30個以上帖子表達反應／留言／分享一次,每30個以上帖子表達反應／留言／分享一次,有,每5至10個帖子會表達反應／留言／分享一次,每5至10個帖子會表達反應／留言／分享一次,每30個以上帖子表達反應／留言／分享一次,每30個以上帖子表達反應／留言／分享一次,沒有,,,,,從不,從不,從不,從不,信任,信任,信任,信任,中立,信任,信任,不信任,信任,信任,女,19,文學院,Year 1,學士
118,25/9/2020 06:03,25/9/2020 06:08,IP Address,14.0.169.133,100,307,TRUE,25/9/2020 06:08,R_1QyAThW5fnDCzTV,,,,,22.27949524,114.1459961,anonymous,EN,同意,同意,同意,同意,中立,中立,中立,同意,中立,同意,同意,不同意,同意,同意,中立,中立,同意,同意,中立,中立,同意,中立,中立,非常同意,同意,同意,中立,不同意,4-5次,中立,中立,同意,同意,非常同意,有,每30個以上帖子表達反應／留言／分享一次,每30個以上帖子表達反應／留言／分享一次,從不,從不,從不,每日1小時內,每日1小時內,有,每日1-2小時,每日1小時內,每日1小時內,每日1小時內,從不,有,每10至30個帖子會表達反應／留言／分享一次,每10至30個帖子會表達反應／留言／分享一次,從不,每30個以上帖子表達反應／留言／分享一次,有,每30個以上帖子表達反應／留言／分享一次,每30個以上帖子表達反應／留言／分享一次,從不,每30個以上帖子表達反應／留言／分享一次,沒有,,,,,每30個以上帖子表達反應／留言／分享一次,從不,從不,從不,信任,信任,信任,信任,中立,信任,信任,中立,非常信任,中立,男,21,社會科學院,Year 4,學士
119,25/9/2020 06:08,25/9/2020 06:13,IP Address,14.0.169.133,100,292,TRUE,25/9/2020 06:13,R_2xQ9PxP7qHtZ6jX,,,,,22.27949524,114.1459961,anonymous,EN,同意,非常同意,同意,同意,中立,中立,中立,同意,中立,同意,同意,不同意,同意,同意,中立,中立,同意,中立,不同意,中立,同意,同意,中立,同意,同意,同意,中立,不同意,4-5次,中立,不同意,同意,同意,同意,沒有,,,,從不,從不,每日1小時內,從不,有,每日1小時內,從不,從不,每日1小時內,從不,有,每30個以上帖子表達反應／留言／分享一次,每30個以上帖子表達反應／留言／分享一次,從不,從不,有,每30個以上帖子表達反應／留言／分享一次,每30個以上帖子表達反應／留言／分享一次,從不,從不,沒有,,,,,每30個以上帖子表達反應／留言／分享一次,從不,從不,每30個以上帖子表達反應／留言／分享一次,信任,信任,信任,信任,中立,信任,信任,不信任,信任,中立,男,20,工程學院,Year 3,學士
120,26/9/2020 01:28,26/9/2020 01:32,IP Address,112.118.10.82,100,239,TRUE,26/9/2020 01:32,R_DAIJMqc17B9DyAV,,,,,22.31669617,114.1832886,anonymous,EN,非常同意,同意,同意,同意,中立,非常同意,非常同意,非常同意,同意,非常同意,非常同意,中立,同意,非常同意,非常同意,非常同意,非常同意,非常同意,非常同意,非常同意,非常同意,非常同意,非常同意,非常同意,同意,同意,非常同意,非常同意,1-3次,中立,中立,同意,同意,同意,有,每30個以上帖子表達反應／留言／分享一次,從不,從不,每日1-2小時,每日1小時內,每日1小時內,每日1小時內,有,每日1小時內,每日1-2小時,每日1小時內,從不,從不,有,每30個以上帖子表達反應／留言／分享一次,每30個以上帖子表達反應／留言／分享一次,從不,每10至30個帖子會表達反應／留言／分享一次,有,每10至30個帖子會表達反應／留言／分享一次,每30個以上帖子表達反應／留言／分享一次,從不,從不,沒有,,,,,從不,從不,從不,從不,不信任,不信任,不信任,中立,中立,中立,中立,非常不信任,中立,中立,女,20,醫學院,Year 4,學士
121,25/9/2020 05:53,26/9/2020 07:23,IP Address,119.246.235.207,100,91766,TRUE,26/9/2020 07:23,R_3oTLaMdiXTgv8l4,,,,,22.27949524,114.1459961,anonymous,EN,同意,同意,同意,中立,中立,中立,中立,同意,中立,同意,中立,中立,同意,同意,同意,同意,同意,中立,中立,同意,同意,同意,同意,同意,同意,中立,同意,中立,1-3次,中立,中立,中立,中立,中立,沒有,,,,從不,從不,每日1小時內,每日1小時內,有,從不,每日1小時內,每日1小時內,從不,從不,沒有,,,,,沒有,,,,,沒有,,,,,從不,從不,從不,從不,中立,中立,中立,中立,中立,中立,中立,中立,中立,中立,不透露,20,社會科學院,Year 3,學士
122,27/9/2020 00:16,27/9/2020 00:23,IP Address,14.0.153.42,100,414,TRUE,27/9/2020 00:23,R_24cHkIr1TNmCf1m,,,,,22.27949524,114.1459961,anonymous,EN,同意,同意,同意,同意,同意,中立,同意,中立,同意,中立,同意,同意,同意,同意,同意,同意,同意,同意,中立,非常同意,同意,非常同意,同意,同意,中立,同意,中立,同意,1-3次,不同意,不同意,中立,中立,中立,有,每30個以上帖子表達反應／留言／分享一次,每30個以上帖子表達反應／留言／分享一次,從不,從不,從不,每日1小時內,每日1-2小時,有,每日3-4小時,每日3-4小時,每日4小時以上,從不,從不,有,每10至30個帖子會表達反應／留言／分享一次,每5至10個帖子會表達反應／留言／分享一次,從不,每10至30個帖子會表達反應／留言／分享一次,有,每10至30個帖子會表達反應／留言／分享一次,每5至10個帖子會表達反應／留言／分享一次,從不,從不,沒有,,,,,從不,從不,從不,從不,信任,不信任,中立,信任,信任,中立,信任,非常不信任,信任,信任,女,20,文學院,Year 3,學士
123,25/9/2020 02:57,25/9/2020 02:57,IP Address,103.247.140.162,4,10,FALSE,2/10/2020 02:58,R_2PzEBNXXaNOw1hp,,,,,,,anonymous,EN,,,,,,,,,,,,,,,,,,,,,,,,,,,,,,,,,,,,,,,,,,,,,,,,,,,,,,,,,,,,,,,,,,,,,,,,,,,,,,,,,,
124,25/9/2020 02:59,25/9/2020 02:59,Spam,103.247.140.162,4,14,FALSE,2/10/2020 03:00,R_5AWiGWrIm1k8He1,,,,,,,anonymous,EN,,,,,,,,,,,,,,,,,,,,,,,,,,,,,,,,,,,,,,,,,,,,,,,,,,,,,,,,,,,,,,,,,,,,,,,,,,,,,,,,,,
125,25/9/2020 05:55,25/9/2020 05:55,IP Address,202.77.31.158,4,2,FALSE,2/10/2020 05:55,R_z7PMfBv6LJW2iit,,,,,,,anonymous,EN,,,,,,,,,,,,,,,,,,,,,,,,,,,,,,,,,,,,,,,,,,,,,,,,,,,,,,,,,,,,,,,,,,,,,,,,,,,,,,,,,,
126,25/9/2020 03:43,25/9/2020 06:16,IP Address,219.76.26.29,82,9184,FALSE,2/10/2020 06:16,R_2bJMTRyQ2EGuPwc,,,,,,,anonymous,EN,同意,同意,同意,中立,中立,同意,中立,中立,中立,中立,同意,中立,非常同意,非常同意,中立,中立,同意,中立,同意,同意,同意,中立,中立,同意,同意,中立,中立,中立,0次,不同意,不同意,同意,同意,中立,沒有,,,,從不,每日1-2小時,每日1小時內,從不,沒有,,,,,,,,,,,,,,,,,,,,,,,,,中立,中立,信任,中立,中立,中立,中立,中立,中立,中立,,,,,
127,25/9/2020 07:23,25/9/2020 07:24,IP Address,58.153.18.251,4,24,FALSE,2/10/2020 07:24,R_1JJCUrCM5tSMg9j,,,,,,,anonymous,EN,,,,,,,,,,,,,,,,,,,,,,,,,,,,,,,,,,,,,,,,,,,,,,,,,,,,,,,,,,,,,,,,,,,,,,,,,,,,,,,,,,
128,26/9/2020 06:03,26/9/2020 06:03,IP Address,14.0.155.209,4,7,FALSE,3/10/2020 06:03,R_08mVT7WcT2aw3y9,,,,,,,anonymous,EN,,,,,,,,,,,,,,,,,,,,,,,,,,,,,,,,,,,,,,,,,,,,,,,,,,,,,,,,,,,,,,,,,,,,,,,,,,,,,,,,,,
129,5/10/2020 10:36,5/10/2020 10:38,IP Address,14.198.147.78,100,143,TRUE,5/10/2020 10:38,R_3Eb4LOQ8oED8or8,,,,,22.27949524,114.1459961,anonymous,EN,同意,同意,同意,中立,同意,同意,中立,同意,中立,同意,同意,同意,同意,同意,同意,同意,同意,中立,中立,同意,同意,同意,同意,中立,同意,同意,同意,中立,1-3次,不同意,中立,中立,中立,中立,沒有,,,,從不,從不,每日1小時內,每日1小時內,沒有,,,,,,,,,,,,,,,,,,,,,,,,,中立,中立,中立,中立,中立,中立,中立,中立,中立,中立,女,21,商學院,Year 3,學士
130,29/9/2020 04:48,29/9/2020 04:48,IP Address,218.103.166.183,4,3,FALSE,6/10/2020 04:48,R_1rJPtTrgeGIlrcI,,,,,,,anonymous,EN,,,,,,,,,,,,,,,,,,,,,,,,,,,,,,,,,,,,,,,,,,,,,,,,,,,,,,,,,,,,,,,,,,,,,,,,,,,,,,,,,,
131,29/9/2020 04:51,29/9/2020 05:07,IP Address,182.239.121.150,36,923,FALSE,6/10/2020 05:07,R_2QL1FbL4uGbtgpe,,,,,,,anonymous,EN,同意,同意,非常同意,中立,不同意,非常同意,中立,同意,中立,同意,中立,同意,非常同意,非常同意,中立,中立,同意,中立,不同意,同意,同意,同意,不同意,非常同意,非常同意,中立,不同意,同意,1-3次,不同意,中立,同意,同意,中立,有,,,,,,,,,,,,,,,,,,,,,,,,,,,,,,,,,,,,,,,,,,,,,,,
132,29/9/2020 09:42,29/9/2020 09:43,IP Address,221.124.27.104,4,21,FALSE,6/10/2020 09:43,R_3HnqXou017NOHlK,,,,,,,anonymous,EN,,,,,,,,,,,,,,,,,,,,,,,,,,,,,,,,,,,,,,,,,,,,,,,,,,,,,,,,,,,,,,,,,,,,,,,,,,,,,,,,,,
133,7/10/2020 07:32,7/10/2020 07:39,IP Address,190.2.131.208,100,409,TRUE,7/10/2020 07:39,R_3j8aX6znBH4ST9Z,,,,,51.99339294,4.215805054,anonymous,EN,同意,同意,中立,中立,中立,同意,同意,同意,中立,中立,中立,不同意,中立,中立,中立,中立,中立,同意,中立,同意,同意,中立,中立,同意,同意,同意,中立,不同意,1-3次,不同意,中立,中立,中立,中立,有,每5至10個帖子會表達反應／留言／分享一次,每5至10個帖子會表達反應／留言／分享一次,從不,每日1小時內,每日1小時內,每日1小時內,每日4小時以上,沒有,,,,,,,,,,,,,,,,,,,,,,,,,中立,中立,中立,中立,中立,中立,中立,中立,中立,中立,女,21,教育學院,Year 3,學士
